This is LuaHBTeX, Version 1.24.0 (TeX Live 2026)  (format=lualatex 2026.3.27)  9 JUN 2026 15:26
 restricted system commands enabled.
**Nano33BLESense.tex
(./Nano33BLESense.tex
LaTeX2e <2025-11-01>
L3 programming layer <2026-01-19>
Lua module: luaotfload 2024-12-03 v3.29 Lua based OpenType font support
Lua module: lualibs 2023-07-13 v2.76 ConTeXt Lua standard libraries.
Lua module: lualibs-extended 2023-07-13 v2.76 ConTeXt Lua libraries -- extended 
collection.
luaotfload | conf : Root cache directory is "C:/Users/Simon Müller/.texlive2026
/texmf-var/luatex-cache/generic/names".
luaotfload | init : Loading fontloader "fontloader-2023-12-28.lua" from kpse-res
olved path "c:/texlive/2026/texmf-dist/tex/luatex/luaotfload/fontloader-2023-12-
28.lua".
Lua-only attribute luaotfload@noligature = 1
luaotfload | init : Context OpenType loader version 3.134
Inserting `luaotfload.node_processor' in `pre_linebreak_filter'.
Inserting `luaotfload.node_processor' in `hpack_filter'.
Inserting `luaotfload.glyph_stream' in `glyph_stream_provider'.
Inserting `luaotfload.define_font' in `define_font'.
Lua-only attribute luaotfload_color_attribute = 2
luaotfload | conf : Root cache directory is "C:/Users/Simon Müller/.texlive2026
/texmf-var/luatex-cache/generic/names".
Inserting `luaotfload.harf.strip_prefix' in `find_opentype_file'.
Inserting `luaotfload.harf.strip_prefix' in `find_truetype_file'.
Removing  `luaotfload.glyph_stream' from `glyph_stream_provider'.
Inserting `luaotfload.harf.glyphstream' in `glyph_stream_provider'.
Inserting `luaotfload.harf.finalize_vlist' in `post_linebreak_filter'.
Inserting `luaotfload.harf.finalize_hlist' in `hpack_filter'.
Inserting `luaotfload.cleanup_files' in `wrapup_run'.
Inserting `luaotfload.harf.finalize_unicode' in `finish_pdffile'.
Inserting `luaotfload.glyphinfo' in `glyph_info'.
Lua-only attribute luaotfload.letterspace_done = 3
Inserting `luaotfload.aux.set_sscale_dimens' in `luaotfload.patch_font'.
Inserting `luaotfload.aux.set_font_index' in `luaotfload.patch_font'.
Inserting `luaotfload.aux.patch_cambria_domh' in `luaotfload.patch_font'.
Inserting `luaotfload.aux.fixup_fontdata' in `luaotfload.patch_font_unsafe'.
Inserting `luaotfload.aux.set_capheight' in `luaotfload.patch_font'.
Inserting `luaotfload.aux.set_xheight' in `luaotfload.patch_font'.
Inserting `luaotfload.rewrite_fontname' in `luaotfload.patch_font'.
Inserting `tracingstacklevels' in `input_level_string'. (c:/texlive/2026/texmf-
dist/tex/latex/koma-script/scrbook.cls
Document Class: scrbook 2026/02/02 v3.49.2 KOMA-Script document class (book)
(c:/texlive/2026/texmf-dist/tex/latex/koma-script/scrkbase.sty
Package: scrkbase 2026/02/02 v3.49.2 KOMA-Script package (KOMA-Script-dependent
 basics and keyval usage)

(c:/texlive/2026/texmf-dist/tex/latex/koma-script/scrbase.sty
Package: scrbase 2026/02/02 v3.49.2 KOMA-Script package (KOMA-Script-independen
t basics and keyval usage)

(c:/texlive/2026/texmf-dist/tex/latex/koma-script/scrlfile.sty
Package: scrlfile 2026/02/02 v3.49.2 KOMA-Script package (file load hooks)

(c:/texlive/2026/texmf-dist/tex/latex/koma-script/scrlfile-hook.sty
Package: scrlfile-hook 2026/02/02 v3.49.2 KOMA-Script package (using LaTeX hook
s)

(c:/texlive/2026/texmf-dist/tex/latex/koma-script/scrlogo.sty
Package: scrlogo 2026/02/02 v3.49.2 KOMA-Script package (logo)
)))
(c:/texlive/2026/texmf-dist/tex/latex/graphics/keyval.sty
Package: keyval 2022/05/29 v1.15 key=value parser (DPC)
\KV@toks@=\toks17
)
Applying: [2021/05/01] Usage of raw or classic option list on input line 254.
Already applied: [0000/00/00] Usage of raw or classic option list on input line
 370.
))
(c:/texlive/2026/texmf-dist/tex/latex/koma-script/tocbasic.sty
Package: tocbasic 2026/02/02 v3.49.2 KOMA-Script package (handling toc-files)
\scr@dte@tocline@numberwidth=\skip49
\scr@dte@tocline@numbox=\box53
)
Package tocbasic Info: omitting babel extension for `toc'
(tocbasic)             because of feature `nobabel' available
(tocbasic)             for `toc' on input line 143.
Package scrbook Info: You've used standard option `10pt'.
(scrbook)             This is correct!
(scrbook)             Internally I'm using `fontsize=10pt'.
(scrbook)             If you'd like to set the option with \KOMAoptions,
(scrbook)             you'd have to use `fontsize=10pt' there
(scrbook)             instead of `10pt', too.
Class scrbook Info: File `scrsize10pt.clo' used to setup font sizes on input li
ne 2713.

(c:/texlive/2026/texmf-dist/tex/latex/koma-script/scrsize10pt.clo
File: scrsize10pt.clo 2026/02/02 v3.49.2 KOMA-Script font size class option (10
pt)
luaotfload | db : Font names database loaded from C:/Users/Simon Müller/.texliv
e2026/texmf-var/luatex-cache/generic/names/luaotfload-names.luc.gz)
(c:/texlive/2026/texmf-dist/tex/latex/koma-script/typearea.sty
Package: typearea 2026/02/02 v3.49.2 KOMA-Script package (type area)
\ta@bcor=\skip50
\ta@div=\count273
Package typearea Info: You've used standard option `a4paper'.
(typearea)             This is correct!
(typearea)             Internally I'm using `paper=a4'.
(typearea)             If you'd like to set the option with \KOMAoptions,
(typearea)             you'd have to use `paper=a4' there
(typearea)             instead of `a4paper', too.
\ta@hblk=\skip51
\ta@vblk=\skip52
\ta@temp=\skip53
\footheight=\skip54
Package typearea Info: These are the values describing the layout:
(typearea)             DIV  = 8
(typearea)             BCOR = 0.0pt
(typearea)             \paperwidth      = 597.50793pt
(typearea)              \textwidth      = 373.44246pt
(typearea)              DIV departure   = -4%
(typearea)              \evensidemargin = 77.107pt
(typearea)              \oddsidemargin  = 2.4185pt
(typearea)             \paperheight     = 845.04694pt
(typearea)              \textheight     = 538.0pt
(typearea)              \topmargin      = 0.36087pt
(typearea)              \headheight     = 15.0pt
(typearea)              \headsep        = 18.0pt
(typearea)              \topskip        = 10.0pt
(typearea)              \footskip       = 42.0pt
(typearea)              \baselineskip   = 12.0pt
(typearea)              on input line 1810.
)
\c_scrbook_cmdhook_cctab=\catcodetable14
\c@part=\count274
\c@chapter=\count275
\c@section=\count276
\c@subsection=\count277
\c@subsubsection=\count278
\c@paragraph=\count279
\c@subparagraph=\count280
\scr@dte@chapter@maxnumwidth=\skip55
Class scrbook Info: using compatibility default `afterindent=bysign'
(scrbook)           for `\chapter on input line 5945.
\scr@dte@section@maxnumwidth=\skip56
Class scrbook Info: using compatibility default `runin=bysign'
(scrbook)           for `\section on input line 5956.
Class scrbook Info: using compatibility default `afterindent=bysign'
(scrbook)           for `\section on input line 5956.
\scr@dte@part@maxnumwidth=\skip57
Class scrbook Info: using compatibility default `afterindent=true'
(scrbook)           for `\part on input line 5965.
\scr@dte@subsection@maxnumwidth=\skip58
Class scrbook Info: using compatibility default `runin=bysign'
(scrbook)           for `\subsection on input line 5975.
Class scrbook Info: using compatibility default `afterindent=bysign'
(scrbook)           for `\subsection on input line 5975.
\scr@dte@subsubsection@maxnumwidth=\skip59
Class scrbook Info: using compatibility default `runin=bysign'
(scrbook)           for `\subsubsection on input line 5985.
Class scrbook Info: using compatibility default `afterindent=bysign'
(scrbook)           for `\subsubsection on input line 5985.
\scr@dte@paragraph@maxnumwidth=\skip60
Class scrbook Info: using compatibility default `runin=bysign'
(scrbook)           for `\paragraph on input line 5996.
Class scrbook Info: using compatibility default `afterindent=bysign'
(scrbook)           for `\paragraph on input line 5996.
\scr@dte@subparagraph@maxnumwidth=\skip61
Class scrbook Info: using compatibility default `runin=bysign'
(scrbook)           for `\subparagraph on input line 6006.
Class scrbook Info: using compatibility default `afterindent=bysign'
(scrbook)           for `\subparagraph on input line 6006.
\abovecaptionskip=\skip62
\belowcaptionskip=\skip63
\c@pti@nb@sid@b@x=\box54
Package tocbasic Info: omitting babel extension for `lof'
(tocbasic)             because of feature `nobabel' available
(tocbasic)             for `lof' on input line 7242.
\scr@dte@figure@maxnumwidth=\skip64
\c@figure=\count281
Package tocbasic Info: omitting babel extension for `lot'
(tocbasic)             because of feature `nobabel' available
(tocbasic)             for `lot' on input line 7255.
\scr@dte@table@maxnumwidth=\skip65
\c@table=\count282
Class scrbook Info: Redefining `\numberline' on input line 7426.
\bibindent=\dimen147
)
(../../General/packages.tex
(c:/texlive/2026/texmf-dist/tex/latex/geometry/geometry.sty
Package: geometry 2020/01/02 v5.9 Page Geometry

(c:/texlive/2026/texmf-dist/tex/generic/iftex/ifvtex.sty
Package: ifvtex 2019/10/25 v1.7 ifvtex legacy package. Use iftex instead.

(c:/texlive/2026/texmf-dist/tex/generic/iftex/iftex.sty
Package: iftex 2024/12/12 v1.0g TeX engine tests
))
\Gm@cnth=\count283
\Gm@cntv=\count284
\c@Gm@tempcnt=\count285
\Gm@bindingoffset=\dimen148
\Gm@wd@mp=\dimen149
\Gm@odd@mp=\dimen150
\Gm@even@mp=\dimen151
\Gm@layoutwidth=\dimen152
\Gm@layoutheight=\dimen153
\Gm@layouthoffset=\dimen154
\Gm@layoutvoffset=\dimen155
\Gm@dimlist=\toks18
)
(c:/texlive/2026/texmf-dist/tex/latex/lm/lmodern.sty
Package: lmodern 2015/05/01 v1.6.1 Latin Modern Fonts
LaTeX Font Info:    Overwriting symbol font `operators' in version `normal'
(Font)                  OT1/cmr/m/n --> OT1/lmr/m/n on input line 22.
LaTeX Font Info:    Overwriting symbol font `letters' in version `normal'
(Font)                  OML/cmm/m/it --> OML/lmm/m/it on input line 23.
LaTeX Font Info:    Overwriting symbol font `symbols' in version `normal'
(Font)                  OMS/cmsy/m/n --> OMS/lmsy/m/n on input line 24.
LaTeX Font Info:    Overwriting symbol font `largesymbols' in version `normal'
(Font)                  OMX/cmex/m/n --> OMX/lmex/m/n on input line 25.
LaTeX Font Info:    Overwriting symbol font `operators' in version `bold'
(Font)                  OT1/cmr/bx/n --> OT1/lmr/bx/n on input line 26.
LaTeX Font Info:    Overwriting symbol font `letters' in version `bold'
(Font)                  OML/cmm/b/it --> OML/lmm/b/it on input line 27.
LaTeX Font Info:    Overwriting symbol font `symbols' in version `bold'
(Font)                  OMS/cmsy/b/n --> OMS/lmsy/b/n on input line 28.
LaTeX Font Info:    Overwriting symbol font `largesymbols' in version `bold'
(Font)                  OMX/cmex/m/n --> OMX/lmex/m/n on input line 29.
LaTeX Font Info:    Overwriting math alphabet `\mathbf' in version `normal'
(Font)                  OT1/cmr/bx/n --> OT1/lmr/bx/n on input line 31.
LaTeX Font Info:    Overwriting math alphabet `\mathsf' in version `normal'
(Font)                  OT1/cmss/m/n --> OT1/lmss/m/n on input line 32.
LaTeX Font Info:    Overwriting math alphabet `\mathit' in version `normal'
(Font)                  OT1/cmr/m/it --> OT1/lmr/m/it on input line 33.
LaTeX Font Info:    Overwriting math alphabet `\mathtt' in version `normal'
(Font)                  OT1/cmtt/m/n --> OT1/lmtt/m/n on input line 34.
LaTeX Font Info:    Overwriting math alphabet `\mathbf' in version `bold'
(Font)                  OT1/cmr/bx/n --> OT1/lmr/bx/n on input line 35.
LaTeX Font Info:    Overwriting math alphabet `\mathsf' in version `bold'
(Font)                  OT1/cmss/bx/n --> OT1/lmss/bx/n on input line 36.
LaTeX Font Info:    Overwriting math alphabet `\mathit' in version `bold'
(Font)                  OT1/cmr/bx/it --> OT1/lmr/bx/it on input line 37.
LaTeX Font Info:    Overwriting math alphabet `\mathtt' in version `bold'
(Font)                  OT1/cmtt/m/n --> OT1/lmtt/m/n on input line 38.
)
(c:/texlive/2026/texmf-dist/tex/latex/base/inputenc.sty
Package: inputenc 2024/02/08 v1.3d Input encoding file
\inpenc@prehook=\toks19
\inpenc@posthook=\toks20


Package inputenc Warning: inputenc package ignored with utf8 based engines.

) (c:/texlive/2026/texmf-dist/tex/generic/babel/babel.sty
Package: babel 2026/02/14 v26.3 The multilingual framework for LuaLaTeX, pdfLaT
eX and XeLaTeX

(c:/texlive/2026/texmf-dist/tex/generic/babel/luababel.def
\bbl@readstream=\read2
\l@dumylang=\language2
Package babel Info: Non-standard hyphenation setup on input line 118.
\l@nohyphenation=\language3
\l@german-x-2024-02-28=\language4
\l@ngerman-x-2024-02-28=\language5
\l@afrikaans=\language6
\l@albanian=\language7
\l@ancientgreek=\language8
\l@ibycus=\language9
\l@arabic=\language10
\l@armenian=\language11
\l@basque=\language12
\l@belarusian=\language13
\l@bulgarian=\language14
\l@catalan=\language15
\l@pinyin=\language16
\l@churchslavonic=\language17
\l@coptic=\language18
\l@croatian=\language19
\l@czech=\language20
\l@danish=\language21
\l@dutch=\language22
\l@ukenglish=\language23
\l@usenglishmax=\language24
\l@esperanto=\language25
\l@estonian=\language26
\l@ethiopic=\language27
\l@farsi=\language28
\l@finnish=\language29
\l@schoolfinnish=\language30
\l@french=\language31
\l@friulan=\language32
\l@galician=\language33
\l@georgian=\language34
\l@german=\language35
\l@ngerman=\language36
\l@swissgerman=\language37
\l@greek=\language38
\l@monogreek=\language39
\l@hebrew=\language40
\l@hungarian=\language41
\l@icelandic=\language42
\l@assamese=\language43
\l@bengali=\language44
\l@gujarati=\language45
\l@hindi=\language46
\l@kannada=\language47
\l@malayalam=\language48
\l@marathi=\language49
\l@oriya=\language50
\l@pali=\language51
\l@panjabi=\language52
\l@tamil=\language53
\l@telugu=\language54
\l@indonesian=\language55
\l@interlingua=\language56
\l@irish=\language57
\l@italian=\language58
\l@kazakh=\language59
\l@kurmanji=\language60
\l@classiclatin=\language61
\l@latin=\language62
\l@liturgicallatin=\language63
\l@latvian=\language64
\l@lithuanian=\language65
\l@macedonian=\language66
\l@mongolian=\language67
\l@mongolianlmc=\language68
\l@bokmal=\language69
\l@nynorsk=\language70
\l@occitan=\language71
\l@piedmontese=\language72
\l@polish=\language73
\l@portuguese=\language74
\l@romanian=\language75
\l@romansh=\language76
\l@russian=\language77
\l@sanskrit=\language78
\l@serbian=\language79
\l@serbianc=\language80
\l@slovak=\language81
\l@slovenian=\language82
\l@spanish=\language83
\l@swedish=\language84
\l@thai=\language85
\l@turkish=\language86
\l@turkmen=\language87
\l@ukrainian=\language88
\l@uppersorbian=\language89
\l@vietnamese=\language90
\l@welsh=\language91
\babelcatcodetablenum=\catcodetable15
\bbl@pattcodes=\catcodetable16
)
\babel@savecnt=\count286
LaTeX Encoding Info:    Redeclaring text command \ij (encoding OT1) on input li
ne 2078.
LaTeX Encoding Info:    Redeclaring text command \IJ (encoding OT1) on input li
ne 2080.
LaTeX Encoding Info:    Redeclaring text command \ij (encoding T1) on input lin
e 2082.
LaTeX Encoding Info:    Redeclaring text command \IJ (encoding T1) on input lin
e 2083.
LaTeX Encoding Info:    Ignoring declaration for text command \ij (encoding ?) 
on input line 2084.
LaTeX Encoding Info:    Ignoring declaration for text command \IJ (encoding ?) 
on input line 2086.
LaTeX Encoding Info:    Ignoring declaration for text command \SS (encoding ?) 
on input line 2111.
\U@D=\dimen156
\l@unhyphenated=\language92

(c:/texlive/2026/texmf-dist/tex/generic/babel/luababel.def
\bbl@attr@locale=\attribute4
)
(c:/texlive/2026/texmf-dist/tex/generic/babel/locale/en/babel-english.tex)
Package babel Info: Importing font and identification data for english
(babel)             from babel-en.ini. Reported on input line 4330.

(c:/texlive/2026/texmf-dist/tex/generic/babel-english/english.ldf
Language: english 2017/06/06 v3.3r English support from the babel system
Package babel Info: Hyphen rules for 'canadian' set to \l@english
(babel)             (\language0). Reported on input line 102.
Package babel Info: Hyphen rules for 'australian' set to \l@ukenglish
(babel)             (\language23). Reported on input line 105.
Package babel Info: Hyphen rules for 'newzealand' set to \l@ukenglish
(babel)             (\language23). Reported on input line 108.
))
(c:/texlive/2026/texmf-dist/tex/latex/base/fontenc.sty
Package: fontenc 2025/07/18 v2.1d Standard LaTeX package
LaTeX Font Info:    Trying to load font information for T1+lmr on input line 11
6.

(c:/texlive/2026/texmf-dist/tex/latex/lm/t1lmr.fd
File: t1lmr.fd 2015/05/01 v1.6.1 Font defs for Latin Modern
))
(c:/texlive/2026/texmf-dist/tex/latex/xcolor/xcolor.sty
Package: xcolor 2024/09/29 v3.02 LaTeX color extensions (UK)

(c:/texlive/2026/texmf-dist/tex/latex/graphics-cfg/color.cfg
File: color.cfg 2016/01/02 v1.6 sample color configuration
)
Package xcolor Info: Driver file: luatex.def on input line 274.

(c:/texlive/2026/texmf-dist/tex/latex/graphics-def/luatex.def
File: luatex.def 2025/09/29 v1.2f Graphics/color driver for luatex
)
(c:/texlive/2026/texmf-dist/tex/latex/graphics/mathcolor.ltx)
Package xcolor Info: Model `cmy' substituted by `cmy0' on input line 1349.
Package xcolor Info: Model `hsb' substituted by `rgb' on input line 1353.
Package xcolor Info: Model `RGB' extended on input line 1365.
Package xcolor Info: Model `HTML' substituted by `rgb' on input line 1367.
Package xcolor Info: Model `Hsb' substituted by `hsb' on input line 1368.
Package xcolor Info: Model `tHsb' substituted by `hsb' on input line 1369.
Package xcolor Info: Model `HSB' substituted by `hsb' on input line 1370.
Package xcolor Info: Model `Gray' substituted by `gray' on input line 1371.
Package xcolor Info: Model `wave' substituted by `hsb' on input line 1372.
)
(c:/texlive/2026/texmf-dist/tex/latex/base/alltt.sty
Package: alltt 2024/07/07 v2.0g defines alltt environment
)
(c:/texlive/2026/texmf-dist/tex/generic/soul/soul.sty
Package: soul 2023-06-14 v3.1 Permit use of UTF-8 characters in soul (HO)

(c:/texlive/2026/texmf-dist/tex/generic/soul/soul-ori.sty
Package: soul-ori 2023-06-14 v3.1 letterspacing/underlining (mf)
\SOUL@word=\toks21
\SOUL@lasttoken=\toks22
\SOUL@syllable=\toks23
\SOUL@cmds=\toks24
\SOUL@buffer=\toks25
\SOUL@token=\toks26
\SOUL@syllgoal=\dimen157
\SOUL@syllwidth=\dimen158
\SOUL@charkern=\dimen159
\SOUL@hyphkern=\dimen160
\SOUL@dimen=\dimen161
\SOUL@dimeni=\dimen162
\SOUL@minus=\count287
\SOUL@comma=\count288
\SOUL@apo=\count289
\SOUL@grave=\count290
\SOUL@spaceskip=\skip66
\SOUL@ttwidth=\dimen163
\SOUL@uldp=\dimen164
\SOUL@ulht=\dimen165
)
(c:/texlive/2026/texmf-dist/tex/generic/infwarerr/infwarerr.sty
Package: infwarerr 2019/12/03 v1.5 Providing info/warning/error messages (HO)
)
(c:/texlive/2026/texmf-dist/tex/generic/etexcmds/etexcmds.sty
Package: etexcmds 2019/12/15 v1.7 Avoid name clashes with e-TeX commands (HO)
))
(c:/texlive/2026/texmf-dist/tex/latex/amsmath/amsmath.sty
Package: amsmath 2025/07/09 v2.17z AMS math features
\@mathmargin=\skip67

For additional information on amsmath, use the `?' option.
(c:/texlive/2026/texmf-dist/tex/latex/amsmath/amstext.sty
Package: amstext 2024/11/17 v2.01 AMS text

(c:/texlive/2026/texmf-dist/tex/latex/amsmath/amsgen.sty
File: amsgen.sty 1999/11/30 v2.0 generic functions
\@emptytoks=\toks27
\ex@=\dimen166
))
(c:/texlive/2026/texmf-dist/tex/latex/amsmath/amsbsy.sty
Package: amsbsy 1999/11/29 v1.2d Bold Symbols
\pmbraise@=\dimen167
)
(c:/texlive/2026/texmf-dist/tex/latex/amsmath/amsopn.sty
Package: amsopn 2022/04/08 v2.04 operator names
)
\inf@bad=\count291
LaTeX Info: Redefining \frac on input line 235.
\uproot@=\count292
\leftroot@=\count293
LaTeX Info: Redefining \overline on input line 398.
LaTeX Info: Redefining \colon on input line 409.
\classnum@=\count294
\DOTSCASE@=\count295
LaTeX Info: Redefining \ldots on input line 495.
LaTeX Info: Redefining \dots on input line 498.
LaTeX Info: Redefining \cdots on input line 619.
\Mathstrutbox@=\box55
\strutbox@=\box56
LaTeX Info: Redefining \big on input line 721.
LaTeX Info: Redefining \Big on input line 722.
LaTeX Info: Redefining \bigg on input line 723.
LaTeX Info: Redefining \Bigg on input line 724.
\big@size=\dimen168
LaTeX Font Info:    Redeclaring font encoding OML on input line 742.
LaTeX Font Info:    Redeclaring font encoding OMS on input line 743.
\macc@depth=\count296
LaTeX Info: Redefining \bmod on input line 904.
LaTeX Info: Redefining \pmod on input line 909.
LaTeX Info: Redefining \smash on input line 939.
LaTeX Info: Redefining \relbar on input line 969.
LaTeX Info: Redefining \Relbar on input line 970.
\c@MaxMatrixCols=\count297
\dotsspace@=\muskip17
\c@parentequation=\count298
\dspbrk@lvl=\count299
\tag@help=\toks28
\row@=\count300
\column@=\count301
\maxfields@=\count302
\andhelp@=\toks29
\eqnshift@=\dimen169
\alignsep@=\dimen170
\tagshift@=\dimen171
\tagwidth@=\dimen172
\totwidth@=\dimen173
\lineht@=\dimen174
\@envbody=\toks30
\multlinegap=\skip68
\multlinetaggap=\skip69
\mathdisplay@stack=\toks31
LaTeX Info: Redefining \[ on input line 2950.
LaTeX Info: Redefining \] on input line 2951.
)
(c:/texlive/2026/texmf-dist/tex/latex/amsfonts/amsfonts.sty
Package: amsfonts 2013/01/14 v3.01 Basic AMSFonts support
\symAMSa=\mathgroup4
\symAMSb=\mathgroup5
LaTeX Font Info:    Redeclaring math symbol \hbar on input line 98.
LaTeX Font Info:    Overwriting math alphabet `\mathfrak' in version `bold'
(Font)                  U/euf/m/n --> U/euf/b/n on input line 106.
)
(c:/texlive/2026/texmf-dist/tex/latex/amsfonts/amssymb.sty
Package: amssymb 2013/01/14 v3.01 AMS font symbols
)
(c:/texlive/2026/texmf-dist/tex/latex/mathtools/mathtools.sty
Package: mathtools 2024/10/04 v1.31 mathematical typesetting tools

(c:/texlive/2026/texmf-dist/tex/latex/tools/calc.sty
Package: calc 2025/03/01 v4.3b Infix arithmetic (KKT,FJ)
\calc@Acount=\count303
\calc@Bcount=\count304
\calc@Adimen=\dimen175
\calc@Bdimen=\dimen176
\calc@Askip=\skip70
\calc@Bskip=\skip71
LaTeX Info: Redefining \setlength on input line 86.
LaTeX Info: Redefining \addtolength on input line 87.
\calc@Ccount=\count305
\calc@Cskip=\skip72
)
(c:/texlive/2026/texmf-dist/tex/latex/mathtools/mhsetup.sty
Package: mhsetup 2021/03/18 v1.4 programming setup (MH)
)
\g_MT_multlinerow_int=\count306
\l_MT_multwidth_dim=\dimen177
\origjot=\skip73
\l_MT_shortvdotswithinadjustabove_dim=\dimen178
\l_MT_shortvdotswithinadjustbelow_dim=\dimen179
\l_MT_above_intertext_sep=\dimen180
\l_MT_below_intertext_sep=\dimen181
\l_MT_above_shortintertext_sep=\dimen182
\l_MT_below_shortintertext_sep=\dimen183
\xmathstrut@box=\box57
\xmathstrut@dim=\dimen184
)
(c:/texlive/2026/texmf-dist/tex/latex/hyperref/hyperref.sty
Package: hyperref 2026-01-29 v7.01p Hypertext links for LaTeX

(c:/texlive/2026/texmf-dist/tex/latex/kvsetkeys/kvsetkeys.sty
Package: kvsetkeys 2022-10-05 v1.19 Key value parser (HO)
)
(c:/texlive/2026/texmf-dist/tex/generic/kvdefinekeys/kvdefinekeys.sty
Package: kvdefinekeys 2019-12-19 v1.6 Define keys (HO)
)
(c:/texlive/2026/texmf-dist/tex/generic/pdfescape/pdfescape.sty
Package: pdfescape 2019/12/09 v1.15 Implements pdfTeX's escape features (HO)

(c:/texlive/2026/texmf-dist/tex/generic/ltxcmds/ltxcmds.sty
Package: ltxcmds 2023-12-04 v1.26 LaTeX kernel commands for general use (HO)
)
(c:/texlive/2026/texmf-dist/tex/generic/pdftexcmds/pdftexcmds.sty
Package: pdftexcmds 2020-06-27 v0.33 Utility functions of pdfTeX for LuaTeX (HO
)
Package pdftexcmds Info: \pdf@primitive is available.
Package pdftexcmds Info: \pdf@ifprimitive is available.
Package pdftexcmds Info: \pdfdraftmode found.
\pdftexcmds@toks=\toks32
))
(c:/texlive/2026/texmf-dist/tex/latex/hycolor/hycolor.sty
Package: hycolor 2020-01-27 v1.10 Color options for hyperref/bookmark (HO)
)
(c:/texlive/2026/texmf-dist/tex/latex/hyperref/nameref.sty
Package: nameref 2026-01-29 v2.58 Cross-referencing by name of section

(c:/texlive/2026/texmf-dist/tex/latex/refcount/refcount.sty
Package: refcount 2019/12/15 v3.6 Data extraction from label references (HO)
)
(c:/texlive/2026/texmf-dist/tex/generic/gettitlestring/gettitlestring.sty
Package: gettitlestring 2019/12/15 v1.6 Cleanup title references (HO)

(c:/texlive/2026/texmf-dist/tex/latex/kvoptions/kvoptions.sty
Package: kvoptions 2022-06-15 v3.15 Key value format for package options (HO)
))
\c@section@level=\count307
)
(c:/texlive/2026/texmf-dist/tex/latex/etoolbox/etoolbox.sty
Package: etoolbox 2025/10/02 v2.5m e-TeX tools for LaTeX (JAW)
\etb@tempcnta=\count308
)
(c:/texlive/2026/texmf-dist/tex/generic/stringenc/stringenc.sty
Package: stringenc 2019/11/29 v1.12 Convert strings between diff. encodings (HO
)
)
\@linkdim=\dimen185
\Hy@linkcounter=\count309
\Hy@pagecounter=\count310

(c:/texlive/2026/texmf-dist/tex/latex/hyperref/pd1enc.def
File: pd1enc.def 2026-01-29 v7.01p Hyperref: PDFDocEncoding definition (HO)
)
(c:/texlive/2026/texmf-dist/tex/generic/intcalc/intcalc.sty
Package: intcalc 2019/12/15 v1.3 Expandable calculations with integers (HO)
)
\Hy@SavedSpaceFactor=\count311

(c:/texlive/2026/texmf-dist/tex/latex/hyperref/puenc.def
File: puenc.def 2026-01-29 v7.01p Hyperref: PDF Unicode definition (HO)
)
Package hyperref Info: Hyper figures OFF on input line 4201.
Package hyperref Info: Link nesting OFF on input line 4206.
Package hyperref Info: Hyper index ON on input line 4209.
Package hyperref Info: Plain pages OFF on input line 4216.
Package hyperref Info: Backreferencing OFF on input line 4221.
Package hyperref Info: Implicit mode ON; LaTeX internals redefined.
Package hyperref Info: Bookmarks ON on input line 4468.
\c@Hy@tempcnt=\count312

(c:/texlive/2026/texmf-dist/tex/latex/url/url.sty
\Urlmuskip=\muskip18
Package: url 2013/09/16  ver 3.4  Verb mode for urls, etc.
)
LaTeX Info: Redefining \url on input line 4807.
\XeTeXLinkMargin=\dimen186

(c:/texlive/2026/texmf-dist/tex/generic/bitset/bitset.sty
Package: bitset 2019/12/09 v1.3 Handle bit-vector datatype (HO)

(c:/texlive/2026/texmf-dist/tex/generic/bigintcalc/bigintcalc.sty
Package: bigintcalc 2019/12/15 v1.5 Expandable calculations on big integers (HO
)
))
\Fld@menulength=\count313
\Field@Width=\dimen187
\Fld@charsize=\dimen188
Package hyperref Info: Hyper figures OFF on input line 6084.
Package hyperref Info: Link nesting OFF on input line 6089.
Package hyperref Info: Hyper index ON on input line 6092.
Package hyperref Info: backreferencing OFF on input line 6099.
Package hyperref Info: Link coloring OFF on input line 6104.
Package hyperref Info: Link coloring with OCG OFF on input line 6109.
Package hyperref Info: PDF/A mode OFF on input line 6114.
\Hy@abspage=\count314
\c@Item=\count315
\c@Hfootnote=\count316
)
Package hyperref Info: Driver (autodetected): hluatex.

(c:/texlive/2026/texmf-dist/tex/latex/hyperref/hluatex.def
File: hluatex.def 2026-01-29 v7.01p Hyperref driver for luaTeX
\Fld@listcount=\count317
\c@bookmark@seq@number=\count318

(c:/texlive/2026/texmf-dist/tex/latex/rerunfilecheck/rerunfilecheck.sty
Package: rerunfilecheck 2025-06-21 v1.11 Rerun checks for auxiliary files (HO)

(c:/texlive/2026/texmf-dist/tex/generic/uniquecounter/uniquecounter.sty
Package: uniquecounter 2019/12/15 v1.4 Provide unlimited unique counter (HO)
)
Package uniquecounter Info: New unique counter `rerunfilecheck' on input line 2
84.
)
\Hy@SectionHShift=\skip74
)
(c:/texlive/2026/texmf-dist/tex/latex/imakeidx/imakeidx.sty
Package: imakeidx 2016/10/15 v1.3e Package for typesetting indices in a synchro
nous mode

(c:/texlive/2026/texmf-dist/tex/latex/xkeyval/xkeyval.sty
Package: xkeyval 2025/11/04 v2.10 package option processing (HA)

(c:/texlive/2026/texmf-dist/tex/generic/xkeyval/xkeyval.tex
(c:/texlive/2026/texmf-dist/tex/generic/xkeyval/xkvutils.tex
\XKV@toks=\toks33
\XKV@tempa@toks=\toks34
\XKV@tempb@toks=\toks35
)
\XKV@depth=\count319
File: xkeyval.tex 2014/12/03 v2.7a key=value parser (HA)
))
(c:/texlive/2026/texmf-dist/tex/generic/iftex/ifxetex.sty
Package: ifxetex 2019/10/25 v0.7 ifxetex legacy package. Use iftex instead.
)
(c:/texlive/2026/texmf-dist/tex/generic/iftex/ifluatex.sty
Package: ifluatex 2019/10/25 v1.5 ifluatex legacy package. Use iftex instead.
)
(c:/texlive/2026/texmf-dist/tex/latex/tools/multicol.sty
Package: multicol 2025/10/21 v2.0b multicolumn formatting (FMi)
\c@tracingmulticols=\count320
\mult@box=\box58
\multicol@leftmargin=\dimen189
\c@unbalance=\count321
\c@collectmore=\count322
\doublecol@number=\count323
\multicoltolerance=\count324
\multicolpretolerance=\count325
\full@width=\dimen190
\page@free=\dimen191
\premulticols=\dimen192
\postmulticols=\dimen193
\multicolsep=\skip75
\multicolbaselineskip=\skip76
\partial@page=\box59
\last@line=\box60
\mc@boxedresult=\box61
\maxbalancingoverflow=\dimen194
\mult@rightbox=\box62
\mult@grightbox=\box63
\mult@firstbox=\box64
\mult@gfirstbox=\box65
\@tempa=\box66
\@tempa=\box67
\@tempa=\box68
\@tempa=\box69
\@tempa=\box70
\@tempa=\box71
\@tempa=\box72
\@tempa=\box73
\@tempa=\box74
\@tempa=\box75
\@tempa=\box76
\@tempa=\box77
\@tempa=\box78
\@tempa=\box79
\@tempa=\box80
\@tempa=\box81
\@tempa=\box82
\@tempa=\box83
\@tempa=\box84
\@tempa=\box85
\@tempa=\box86
\@tempa=\box87
\@tempa=\box88
\@tempa=\box89
\@tempa=\box90
\@tempa=\box91
\@tempa=\box92
\@tempa=\box93
\@tempa=\box94
\@tempa=\box95
\@tempa=\box96
\@tempa=\box97
\@tempa=\box98
\@tempa=\box99
\@tempa=\box100
\@tempa=\box101
\c@minrows=\count326
\c@columnbadness=\count327
\c@finalcolumnbadness=\count328
\last@try=\dimen195
\multicolovershoot=\dimen196
\multicolundershoot=\dimen197
\mult@nat@firstbox=\box102
\colbreak@box=\box103
\mc@col@check@num=\count329
\g__mc_curr_col_int=\count330
))
\Nano33BLESense@idxfile=\write3

\openout3 = Nano33BLESense.idx

Writing index file Nano33BLESense.idx
(c:/texlive/2026/texmf-dist/tex/latex/graphics/graphicx.sty
Package: graphicx 2024/12/31 v1.2e Enhanced LaTeX Graphics (DPC,SPQR)

(c:/texlive/2026/texmf-dist/tex/latex/graphics/graphics.sty
Package: graphics 2024/08/06 v1.4g Standard LaTeX Graphics (DPC,SPQR)

(c:/texlive/2026/texmf-dist/tex/latex/graphics/trig.sty
Package: trig 2023/12/02 v1.11 sin cos tan (DPC)
)
(c:/texlive/2026/texmf-dist/tex/latex/graphics-cfg/graphics.cfg
File: graphics.cfg 2016/06/04 v1.11 sample graphics configuration
)
Package graphics Info: Driver file: luatex.def on input line 106.
)
\Gin@req@height=\dimen198
\Gin@req@width=\dimen199
)
(c:/texlive/2026/texmf-dist/tex/latex/listings/listings.sty
\lst@mode=\count331
\lst@gtempboxa=\box104
\lst@token=\toks36
\lst@length=\count332
\lst@currlwidth=\dimen256
\lst@column=\count333
\lst@pos=\count334
\lst@lostspace=\dimen257
\lst@width=\dimen258
\lst@newlines=\count335
\lst@lineno=\count336
\lst@maxwidth=\dimen259

(c:/texlive/2026/texmf-dist/tex/latex/listings/lstpatch.sty
File: lstpatch.sty 2025/11/14 1.11b (Carsten Heinz)
)
(c:/texlive/2026/texmf-dist/tex/latex/listings/lstmisc.sty
File: lstmisc.sty 2025/11/14 1.11b (Carsten Heinz)
\c@lstnumber=\count337
\lst@skipnumbers=\count338
\lst@framebox=\box105
)
(c:/texlive/2026/texmf-dist/tex/latex/listings/listings.cfg
File: listings.cfg 2025/11/14 1.11b listings configuration
))
Package: listings 2025/11/14 1.11b (Carsten Heinz)

==> First Aid for listings.sty no longer applied!
    Expected:
        2024/09/23 1.10c (Carsten Heinz)
    but found:
        2025/11/14 1.11b (Carsten Heinz)
    so I'm assuming it got fixed.
(c:/texlive/2026/texmf-dist/tex/latex/cleveref/cleveref.sty
Package: cleveref 2018/03/27 v0.21.4 Intelligent cross-referencing
Package cleveref Info: `hyperref' support loaded on input line 2370.
LaTeX Info: Redefining \cref on input line 2370.
LaTeX Info: Redefining \Cref on input line 2370.
LaTeX Info: Redefining \crefrange on input line 2370.
LaTeX Info: Redefining \Crefrange on input line 2370.
LaTeX Info: Redefining \cpageref on input line 2370.
LaTeX Info: Redefining \Cpageref on input line 2370.
LaTeX Info: Redefining \cpagerefrange on input line 2370.
LaTeX Info: Redefining \Cpagerefrange on input line 2370.
LaTeX Info: Redefining \labelcref on input line 2370.
LaTeX Info: Redefining \labelcpageref on input line 2370.
Package cleveref Info: `listings' support loaded on input line 3131.
)
==> First Aid for cleveref.sty applied!
(c:/texlive/2026/texmf-dist/tex/latex/hyphenat/hyphenat.sty
Package: hyphenat 2009/09/02 v2.3c hyphenation utilities


Package hyphenat Warning: *******************************
(hyphenat)                * You have used the htt option.
(hyphenat)                * You are likely to get many Font Warning messages.
(hyphenat)                * These can usually be ignored.
(hyphenat)                *******************************.

\langwohyphens=\language93
LaTeX Info: Redefining \_ on input line 43.
) (c:/texlive/2026/texmf-dist/tex/latex/acro/acro.sty
(c:/texlive/2026/texmf-dist/tex/latex/l3packages/l3keys2e/l3keys2e.sty
(c:/texlive/2026/texmf-dist/tex/latex/l3kernel/expl3.sty
Package: expl3 2026-01-19 L3 programming layer (loader) 

(c:/texlive/2026/texmf-dist/tex/latex/l3backend/l3backend-luatex.def
File: l3backend-luatex.def 2025-10-09 L3 backend support: PDF output (LuaTeX)
\l__color_backend_stack_int=\count339
Inserting `l3color' in `luaotfload.parse_color'.))
Package: l3keys2e 2025-10-09 LaTeX2e option processing using LaTeX3 keys
)
Package: acro 2022/04/01 v3.8 typeset acronyms and other abbreviations (CN)


Package acro Warning: Unknown option `tooltip'
(acro)                I don't know the option `tooltip'. Please make sure
(acro)                there is no typo. Check the manual for help.

\l__acro_tmpa_int=\count340
\l__acro_tmpb_int=\count341
\l__acro_tmpc_int=\count342
\l__acro_tmpd_int=\count343
Loading module `base' ...
Loading module `interface' ...
Loading module `aux' ...
Loading module `properties' ...
Loading module `acronyms' ...
Loading module `formatting' ...
Loading module `ppfixes' ...
Loading module `tools' ...
\l__acro_minimal_usage_int=\count344
\l__acro_nest_int=\count345
\g_acro_barrier_int=\count346
\g_acro_barrier_total_int=\count347
Loading module `commands' ...
\l_acro_nest_level_int=\count348
Loading module `templates' ...
Loading module `list' ...
Loading module `pages' ...
\l__acro_pages_seq_threshold_int=\count349
Loading module `locale' ...
(c:/texlive/2026/texmf-dist/tex/latex/translations/translations.sty
Package: translations 2022/02/05 v1.12 internationalization of LaTeX2e packages
 (CN)
)
Loading module `pdfsupport' ...
Loading module `patch' ...
Loading module `definitions' ...
Loading module `upgrade' ...
)
==> First Aid for acro.sty applied!
(c:/texlive/2026/texmf-dist/tex/latex/float/float.sty
Package: float 2001/11/08 v1.3d Float enhancements (AL)
\c@float@type=\count350
\float@exts=\toks37
\float@box=\box106
\@float@everytoks=\toks38
\@floatcapt=\box107
)
(c:/texlive/2026/texmf-dist/tex/latex/caption/subcaption.sty
Package: subcaption 2023/07/28 v1.6b Sub-captions (AR)

(c:/texlive/2026/texmf-dist/tex/latex/caption/caption.sty
Package: caption 2023/08/05 v3.6o Customizing captions (AR)

Package tocbasic Info: Loading of class-dependent code for package caption3
(tocbasic)             prevented on line 50.


(c:/texlive/2026/texmf-dist/tex/latex/caption/caption3.sty
Package: caption3 2023/07/31 v2.4d caption3 kernel (AR)
\caption@tempdima=\dimen260
\captionmargin=\dimen261
\caption@leftmargin=\dimen262
\caption@rightmargin=\dimen263
\caption@width=\dimen264
\caption@indent=\dimen265
\caption@parindent=\dimen266
\caption@hangindent=\dimen267
)
\c@caption@flags=\count351
\c@continuedfloat=\count352
Package caption Info: float package is loaded.
Package caption Info: hyperref package is loaded.
Package caption Info: listings package is loaded.
)
Package caption Info: New subtype `subfigure' on input line 238.
\c@subfigure=\count353
Package caption Info: New subtype `subtable' on input line 238.
\c@subtable=\count354
)
(c:/texlive/2026/texmf-dist/tex/latex/tools/array.sty
Package: array 2025/09/25 v2.6n Tabular extension package (FMi)
\col@sep=\dimen268
\ar@mcellbox=\box108
\extrarowheight=\dimen269
\NC@list=\toks39
\extratabsurround=\skip77
\backup@length=\skip78
\ar@cellbox=\box109
)
(c:/texlive/2026/texmf-dist/tex/latex/overpic/overpic.sty
Package: overpic 2026/01/06 2.2 picture overlays (RN)

(c:/texlive/2026/texmf-dist/tex/latex/eepic/epic.sty
Enhancements to Picture Environment. Version 1.2 - Released June 1, 1986
\@@multicnt=\count355
\d@lta=\count356
\@delta=\dimen270
\@@delta=\dimen271
\@gridcnt=\count357
\@joinkind=\count358
\@dotgap=\dimen272
\@ddotgap=\dimen273
\@x@diff=\count359
\@y@diff=\count360
\x@diff=\dimen274
\y@diff=\dimen275
\@dotbox=\box110
\num@segments=\count361
\num@segmentsi=\count362
\@datafile=\read3
)
\OVP@box=\box111
\OVP@totalheight=\dimen276
) (c:/texlive/2026/texmf-dist/tex/latex/colortbl/colortbl.sty
Package: colortbl 2024/10/29 v1.0k Color table columns (DPC)
\everycr=\toks40
\minrowclearance=\skip79
\rownum=\count363
)
(c:/texlive/2026/texmf-dist/tex/latex/marginnote/marginnote.sty
Package: marginnote 2026/01/02 1.4d non floating margin notes for LaTeX 
\c@mn@abspage=\count364
)
(c:/texlive/2026/texmf-dist/tex/latex/base/textcomp.sty
Package: textcomp 2024/04/24 v2.1b Standard LaTeX package
)
(c:/texlive/2026/texmf-dist/tex/latex/biblatex/biblatex.sty
Package: biblatex 2025/07/10 v3.21 programmable bibliographies (PK/MW)

(c:/texlive/2026/texmf-dist/tex/latex/logreq/logreq.sty
Package: logreq 2010/08/04 v1.0 xml request logger
\lrq@indent=\count365

(c:/texlive/2026/texmf-dist/tex/latex/logreq/logreq.def
File: logreq.def 2010/08/04 v1.0 logreq spec v1.0
))
(c:/texlive/2026/texmf-dist/tex/latex/base/ifthen.sty
Package: ifthen 2024/03/16 v1.1e Standard LaTeX ifthen package (DPC)
)
\c@tabx@nest=\count366
\c@listtotal=\count367
\c@listcount=\count368
\c@liststart=\count369
\c@liststop=\count370
\c@citecount=\count371
\c@citetotal=\count372
\c@multicitecount=\count373
\c@multicitetotal=\count374
\c@instcount=\count375
\c@maxnames=\count376
\c@minnames=\count377
\c@maxitems=\count378
\c@minitems=\count379
\c@citecounter=\count380
\c@maxcitecounter=\count381
\c@savedcitecounter=\count382
\c@uniquelist=\count383
\c@uniquename=\count384
\c@refsection=\count385
\c@refsegment=\count386
\c@maxextratitle=\count387
\c@maxextratitleyear=\count388
\c@maxextraname=\count389
\c@maxextradate=\count390
\c@maxextraalpha=\count391
\c@abbrvpenalty=\count392
\c@highnamepenalty=\count393
\c@lownamepenalty=\count394
\c@maxparens=\count395
\c@parenlevel=\count396
\blx@tempcnta=\count397
\blx@tempcntb=\count398
\blx@tempcntc=\count399
\c@blx@maxsection=\count400
\blx@maxsegment@0=\count401
\blx@notetype=\count402
\blx@parenlevel@text=\count403
\blx@parenlevel@foot=\count404
\blx@sectionciteorder@0=\count405
\blx@sectionciteorderinternal@0=\count406
\blx@entrysetcounter=\count407
\blx@biblioinstance=\count408
\labelnumberwidth=\skip80
\labelalphawidth=\skip81
\biblabelsep=\skip82
\bibitemsep=\skip83
\bibnamesep=\skip84
\bibinitsep=\skip85
\bibparsep=\skip86
\bibhang=\skip87
\blx@bcfin=\read4
\blx@bcfout=\write4
\blx@langwohyphens=\language94
\c@mincomprange=\count409
\c@maxcomprange=\count410
\c@mincompwidth=\count411
Package biblatex Info: Trying to load biblatex default data model...
Package biblatex Info: ... file 'blx-dm.def' found.

(c:/texlive/2026/texmf-dist/tex/latex/biblatex/blx-dm.def
File: blx-dm.def 2025/07/10 v3.21 biblatex datamodel (PK/MW)
)
Package biblatex Info: Trying to load biblatex style data model...
Package biblatex Info: ... file 'alphabetic.dbx' not found.
Package biblatex Info: Trying to load biblatex custom data model...
Package biblatex Info: ... file 'biblatex-dm.cfg' not found.
\c@afterword=\count412
\c@savedafterword=\count413
\c@annotator=\count414
\c@savedannotator=\count415
\c@author=\count416
\c@savedauthor=\count417
\c@bookauthor=\count418
\c@savedbookauthor=\count419
\c@commentator=\count420
\c@savedcommentator=\count421
\c@editor=\count422
\c@savededitor=\count423
\c@editora=\count424
\c@savededitora=\count425
\c@editorb=\count426
\c@savededitorb=\count427
\c@editorc=\count428
\c@savededitorc=\count429
\c@foreword=\count430
\c@savedforeword=\count431
\c@holder=\count432
\c@savedholder=\count433
\c@introduction=\count434
\c@savedintroduction=\count435
\c@namea=\count436
\c@savednamea=\count437
\c@nameb=\count438
\c@savednameb=\count439
\c@namec=\count440
\c@savednamec=\count441
\c@translator=\count442
\c@savedtranslator=\count443
\c@shortauthor=\count444
\c@savedshortauthor=\count445
\c@shorteditor=\count446
\c@savedshorteditor=\count447
\c@labelname=\count448
\c@savedlabelname=\count449
\c@institution=\count450
\c@savedinstitution=\count451
\c@lista=\count452
\c@savedlista=\count453
\c@listb=\count454
\c@savedlistb=\count455
\c@listc=\count456
\c@savedlistc=\count457
\c@listd=\count458
\c@savedlistd=\count459
\c@liste=\count460
\c@savedliste=\count461
\c@listf=\count462
\c@savedlistf=\count463
\c@location=\count464
\c@savedlocation=\count465
\c@organization=\count466
\c@savedorganization=\count467
\c@origlocation=\count468
\c@savedoriglocation=\count469
\c@origpublisher=\count470
\c@savedorigpublisher=\count471
\c@publisher=\count472
\c@savedpublisher=\count473
\c@language=\count474
\c@savedlanguage=\count475
\c@origlanguage=\count476
\c@savedoriglanguage=\count477
\c@pageref=\count478
\c@savedpageref=\count479
\shorthandwidth=\skip88
\shortjournalwidth=\skip89
\shortserieswidth=\skip90
\shorttitlewidth=\skip91
\shortauthorwidth=\skip92
\shorteditorwidth=\skip93
\locallabelnumberwidth=\skip94
\locallabelalphawidth=\skip95
\localshorthandwidth=\skip96
\localshortjournalwidth=\skip97
\localshortserieswidth=\skip98
\localshorttitlewidth=\skip99
\localshortauthorwidth=\skip100
\localshorteditorwidth=\skip101
Package biblatex Info: Trying to load enhanced support for Unicode engines...
Package biblatex Info: ... file 'blx-unicode.def' found.

(c:/texlive/2026/texmf-dist/tex/latex/biblatex/blx-unicode.def)
Package biblatex Info: Trying to load compatibility code...
Package biblatex Info: ... file 'blx-compat.def' found.

(c:/texlive/2026/texmf-dist/tex/latex/biblatex/blx-compat.def
File: blx-compat.def 2025/07/10 v3.21 biblatex compatibility (PK/MW)
)
Package biblatex Info: Trying to load BibTeX backend compatibility...
Package biblatex Info: ... file 'blx-bibtex.def' found.

(c:/texlive/2026/texmf-dist/tex/latex/biblatex/blx-bibtex.def
File: blx-bibtex.def 2025/07/10 v3.21 biblatex compatibility (PK/MW)


Package biblatex Warning: Using fall-back bibtex backend:
(biblatex)                functionality may be reduced/unavailable.

)
Package biblatex Info: Trying to load generic definitions...
Package biblatex Info: ... file 'biblatex.def' found.
 (c:/texlive/2026/texmf-dist/tex/latex/biblatex/biblatex.def
File: biblatex.def 2025/07/10 v3.21 biblatex compatibility (PK/MW)
\c@textcitecount=\count480
\c@textcitetotal=\count481
\c@textcitemaxnames=\count482
\c@biburlbigbreakpenalty=\count483
\c@biburlbreakpenalty=\count484
\c@biburlnumpenalty=\count485
\c@biburlucpenalty=\count486
\c@biburllcpenalty=\count487
\biburlbigskip=\muskip19
\biburlnumskip=\muskip20
\biburlucskip=\muskip21
\biburllcskip=\muskip22
\c@smartand=\count488
)
Package biblatex Info: Trying to load bibliography style 'alphabetic'...
Package biblatex Info: ... file 'alphabetic.bbx' found.

(c:/texlive/2026/texmf-dist/tex/latex/biblatex/bbx/alphabetic.bbx
File: alphabetic.bbx 2025/07/10 v3.21 biblatex bibliography style (PK/MW)
Package biblatex Info: Trying to load bibliography style 'standard'...
Package biblatex Info: ... file 'standard.bbx' found.

(c:/texlive/2026/texmf-dist/tex/latex/biblatex/bbx/standard.bbx
File: standard.bbx 2025/07/10 v3.21 biblatex bibliography style (PK/MW)
\c@bbx:relatedcount=\count489
\c@bbx:relatedtotal=\count490
))
Package biblatex Info: Trying to load citation style 'alphabetic'...
Package biblatex Info: ... file 'alphabetic.cbx' found.

(c:/texlive/2026/texmf-dist/tex/latex/biblatex/cbx/alphabetic.cbx
File: alphabetic.cbx 2025/07/10 v3.21 biblatex citation style (PK/MW)
Package biblatex Info: Redefining '\cite'.
Package biblatex Info: Redefining '\parencite'.
Package biblatex Info: Redefining '\footcite'.
Package biblatex Info: Redefining '\footcitetext'.
Package biblatex Info: Redefining '\smartcite'.
Package biblatex Info: Redefining '\textcite'.
Package biblatex Info: Redefining '\textcites'.
Package biblatex Info: Redefining '\cites'.
Package biblatex Info: Redefining '\parencites'.
Package biblatex Info: Redefining '\smartcites'.
)
Package biblatex Info: Trying to load configuration file...
Package biblatex Info: ... file 'biblatex.cfg' found.

(c:/texlive/2026/texmf-dist/tex/latex/biblatex/biblatex.cfg
File: biblatex.cfg 
)

Package biblatex Warning: 'firstinits' option is deprecated.
(biblatex)                Please use 'giveninits' instead.

Package biblatex Info: LuaTeX detected.
(biblatex)             Assuming input encoding 'utf8'.
Package biblatex Info: Document encoding is UTF8 ....
Package biblatex Info: ... and expl3
(biblatex)             2026-01-19 L3 programming layer (loader) 
(biblatex)             is new enough (at least 2020/04/06),
(biblatex)             setting 'casechanger=expl3'.
(c:/texlive/2026/texmf-dist/tex/latex/biblatex/blx-case-expl3.sty
(c:/texlive/2026/texmf-dist/tex/latex/l3packages/xparse/xparse.sty
Package: xparse 2025-10-09 L3 Experimental document command parser
)
Package: blx-case-expl3 2025/07/10 v3.21 expl3 case changing code for biblatex
))
(c:/texlive/2026/texmf-dist/tex/latex/tools/tabularx.sty
Package: tabularx 2023/12/11 v2.12a `tabularx' package (DPC)
\TX@col@width=\dimen277
\TX@old@table=\dimen278
\TX@old@col=\dimen279
\TX@target=\dimen280
\TX@delta=\dimen281
\TX@cols=\count491
\TX@ftn=\toks41
)
(c:/texlive/2026/texmf-dist/tex/latex/tools/longtable.sty
Package: longtable 2025-10-13 v4.24 Multi-page Table package (DPC)
\LTleft=\skip102
\LTright=\skip103
\LTpre=\skip104
\LTpost=\skip105
\LTchunksize=\count492
\LTcapwidth=\dimen282
\LT@head=\box112
\LT@firsthead=\box113
\LT@foot=\box114
\LT@lastfoot=\box115
\LT@gbox=\box116
\LT@cols=\count493
\LT@rows=\count494
\c@LT@tables=\count495
\c@LT@chunks=\count496
\LT@p@ftn=\toks42
)
Class scrbook Info: longtable captions redefined on input line 126.

(c:/texlive/2026/texmf-dist/tex/latex/framed/framed.sty
Package: framed 2011/10/22 v 0.96: framed or shaded text with page breaks
\OuterFrameSep=\skip106
\fb@frw=\dimen283
\fb@frh=\dimen284
\FrameRule=\dimen285
\FrameSep=\dimen286
)

Class scrbook Warning: Usage of package `tocbibind' together
(scrbook)              with a KOMA-Script class is not recommended.
(scrbook)              I'd suggest to use options like `listof=totoc'
(scrbook)              or `bibliography=totoc', or commands like
(scrbook)              `\setuptoc{toc}{totoc}' instead of this package,
(scrbook)              because it breaks several KOMA-Script features of
(scrbook)              the list of figures, list of tables, bibliography,
(scrbook)              index and the running head.
(scrbook)              Nevertheless, using requested
(scrbook)              package `tocbibind' on input line 128.

(c:/texlive/2026/texmf-dist/tex/latex/tocbibind/tocbibind.sty
Package: tocbibind 2010/10/13 v1.5k extra ToC listings
Package tocbibind Info: The document has chapter divisions on input line 50.


Package tocbibind Note: Using chapter style headings, unless overridden.

) (c:/texlive/2026/texmf-dist/tex/latex/eurosym/eurosym.sty
Package: eurosym 1998/08/06 v1.1 European currency symbol ``Euro''
\@eurobox=\box117
)
(c:/texlive/2026/texmf-dist/tex/latex/menukeys/menukeys.sty
Package: menukeys 2022/07/01 v1.6.2 -- A package to format menus, paths and sho
rtcuts

(c:/texlive/2026/texmf-dist/tex/generic/xstring/xstring.sty
(c:/texlive/2026/texmf-dist/tex/generic/xstring/xstring.tex
\xs_counta=\count497
\xs_countb=\count498
)
Package: xstring 2023/08/22 v1.86 String manipulations (CT)
)
(c:/texlive/2026/texmf-dist/tex/latex/pgf/frontendlayer/tikz.sty
(c:/texlive/2026/texmf-dist/tex/latex/pgf/basiclayer/pgf.sty
(c:/texlive/2026/texmf-dist/tex/latex/pgf/utilities/pgfrcs.sty
(c:/texlive/2026/texmf-dist/tex/generic/pgf/utilities/pgfutil-common.tex
\pgfutil@everybye=\toks43
\pgfutil@tempdima=\dimen287
\pgfutil@tempdimb=\dimen288
)
(c:/texlive/2026/texmf-dist/tex/generic/pgf/utilities/pgfutil-latex.def
\pgfutil@abb=\box118
)
(c:/texlive/2026/texmf-dist/tex/generic/pgf/utilities/pgfrcs.code.tex
(c:/texlive/2026/texmf-dist/tex/generic/pgf/pgf.revision.tex)
Package: pgfrcs 2025-08-29 v3.1.11a (3.1.11a)
))
Package: pgf 2025-08-29 v3.1.11a (3.1.11a)

(c:/texlive/2026/texmf-dist/tex/latex/pgf/basiclayer/pgfcore.sty
(c:/texlive/2026/texmf-dist/tex/latex/pgf/systemlayer/pgfsys.sty
(c:/texlive/2026/texmf-dist/tex/generic/pgf/systemlayer/pgfsys.code.tex
Package: pgfsys 2025-08-29 v3.1.11a (3.1.11a)

(c:/texlive/2026/texmf-dist/tex/generic/pgf/utilities/pgfkeys.code.tex
\pgfkeys@pathtoks=\toks44
\pgfkeys@temptoks=\toks45

(c:/texlive/2026/texmf-dist/tex/generic/pgf/utilities/pgfkeyslibraryfiltered.co
de.tex
\pgfkeys@tmptoks=\toks46
))
\pgf@x=\dimen289
\pgf@y=\dimen290
\pgf@xa=\dimen291
\pgf@ya=\dimen292
\pgf@xb=\dimen293
\pgf@yb=\dimen294
\pgf@xc=\dimen295
\pgf@yc=\dimen296
\pgf@xd=\dimen297
\pgf@yd=\dimen298
\w@pgf@writea=\write5
\r@pgf@reada=\read5
\c@pgf@counta=\count499
\c@pgf@countb=\count500
\c@pgf@countc=\count501
\c@pgf@countd=\count502
\t@pgf@toka=\toks47
\t@pgf@tokb=\toks48
\t@pgf@tokc=\toks49
\pgf@sys@id@count=\count503
 (c:/texlive/2026/texmf-dist/tex/generic/pgf/systemlayer/pgf.cfg
File: pgf.cfg 2025-08-29 v3.1.11a (3.1.11a)
)
Driver file for pgf: pgfsys-luatex.def

(c:/texlive/2026/texmf-dist/tex/generic/pgf/systemlayer/pgfsys-luatex.def
File: pgfsys-luatex.def 2025-08-29 v3.1.11a (3.1.11a)

(c:/texlive/2026/texmf-dist/tex/generic/pgf/systemlayer/pgfsys-common-pdf.def
File: pgfsys-common-pdf.def 2025-08-29 v3.1.11a (3.1.11a)
)))
(c:/texlive/2026/texmf-dist/tex/generic/pgf/systemlayer/pgfsyssoftpath.code.tex
File: pgfsyssoftpath.code.tex 2025-08-29 v3.1.11a (3.1.11a)
\pgfsyssoftpath@smallbuffer@items=\count504
\pgfsyssoftpath@bigbuffer@items=\count505
)
(c:/texlive/2026/texmf-dist/tex/generic/pgf/systemlayer/pgfsysprotocol.code.tex
File: pgfsysprotocol.code.tex 2025-08-29 v3.1.11a (3.1.11a)
)) (c:/texlive/2026/texmf-dist/tex/generic/pgf/basiclayer/pgfcore.code.tex
Package: pgfcore 2025-08-29 v3.1.11a (3.1.11a)

(c:/texlive/2026/texmf-dist/tex/generic/pgf/math/pgfmath.code.tex
(c:/texlive/2026/texmf-dist/tex/generic/pgf/math/pgfmathutil.code.tex)
(c:/texlive/2026/texmf-dist/tex/generic/pgf/math/pgfmathparser.code.tex
\pgfmath@dimen=\dimen299
\pgfmath@count=\count506
\pgfmath@box=\box119
\pgfmath@toks=\toks50
\pgfmath@stack@operand=\toks51
\pgfmath@stack@operation=\toks52
)
(c:/texlive/2026/texmf-dist/tex/generic/pgf/math/pgfmathfunctions.code.tex)
(c:/texlive/2026/texmf-dist/tex/generic/pgf/math/pgfmathfunctions.basic.code.te
x)
(c:/texlive/2026/texmf-dist/tex/generic/pgf/math/pgfmathfunctions.trigonometric
.code.tex)
(c:/texlive/2026/texmf-dist/tex/generic/pgf/math/pgfmathfunctions.random.code.t
ex)
(c:/texlive/2026/texmf-dist/tex/generic/pgf/math/pgfmathfunctions.comparison.co
de.tex)
(c:/texlive/2026/texmf-dist/tex/generic/pgf/math/pgfmathfunctions.base.code.tex
)
(c:/texlive/2026/texmf-dist/tex/generic/pgf/math/pgfmathfunctions.round.code.te
x)
(c:/texlive/2026/texmf-dist/tex/generic/pgf/math/pgfmathfunctions.misc.code.tex
)
(c:/texlive/2026/texmf-dist/tex/generic/pgf/math/pgfmathfunctions.integerarithm
etics.code.tex)
(c:/texlive/2026/texmf-dist/tex/generic/pgf/math/pgfmathcalc.code.tex)
(c:/texlive/2026/texmf-dist/tex/generic/pgf/math/pgfmathfloat.code.tex
\c@pgfmathroundto@lastzeros=\count507
))
(c:/texlive/2026/texmf-dist/tex/generic/pgf/math/pgfint.code.tex)
(c:/texlive/2026/texmf-dist/tex/generic/pgf/basiclayer/pgfcorepoints.code.tex
File: pgfcorepoints.code.tex 2025-08-29 v3.1.11a (3.1.11a)
\pgf@picminx=\dimen300
\pgf@picmaxx=\dimen301
\pgf@picminy=\dimen302
\pgf@picmaxy=\dimen303
\pgf@pathminx=\dimen304
\pgf@pathmaxx=\dimen305
\pgf@pathminy=\dimen306
\pgf@pathmaxy=\dimen307
\pgf@xx=\dimen308
\pgf@xy=\dimen309
\pgf@yx=\dimen310
\pgf@yy=\dimen311
\pgf@zx=\dimen312
\pgf@zy=\dimen313
)
(c:/texlive/2026/texmf-dist/tex/generic/pgf/basiclayer/pgfcorepathconstruct.cod
e.tex
File: pgfcorepathconstruct.code.tex 2025-08-29 v3.1.11a (3.1.11a)
\pgf@path@lastx=\dimen314
\pgf@path@lasty=\dimen315
)
(c:/texlive/2026/texmf-dist/tex/generic/pgf/basiclayer/pgfcorepathusage.code.te
x
File: pgfcorepathusage.code.tex 2025-08-29 v3.1.11a (3.1.11a)
\pgf@shorten@end@additional=\dimen316
\pgf@shorten@start@additional=\dimen317
)
(c:/texlive/2026/texmf-dist/tex/generic/pgf/basiclayer/pgfcorescopes.code.tex
File: pgfcorescopes.code.tex 2025-08-29 v3.1.11a (3.1.11a)
\pgfpic=\box120
\pgf@hbox=\box121
\pgf@layerbox@main=\box122
\pgf@picture@serial@count=\count508
)
(c:/texlive/2026/texmf-dist/tex/generic/pgf/basiclayer/pgfcoregraphicstate.code
.tex
File: pgfcoregraphicstate.code.tex 2025-08-29 v3.1.11a (3.1.11a)
\pgflinewidth=\dimen318
)
(c:/texlive/2026/texmf-dist/tex/generic/pgf/basiclayer/pgfcoretransformations.c
ode.tex
File: pgfcoretransformations.code.tex 2025-08-29 v3.1.11a (3.1.11a)
\pgf@pt@x=\dimen319
\pgf@pt@y=\dimen320
\pgf@pt@temp=\dimen321
)
(c:/texlive/2026/texmf-dist/tex/generic/pgf/basiclayer/pgfcorequick.code.tex
File: pgfcorequick.code.tex 2025-08-29 v3.1.11a (3.1.11a)
)
(c:/texlive/2026/texmf-dist/tex/generic/pgf/basiclayer/pgfcoreobjects.code.tex
File: pgfcoreobjects.code.tex 2025-08-29 v3.1.11a (3.1.11a)
)
(c:/texlive/2026/texmf-dist/tex/generic/pgf/basiclayer/pgfcorepathprocessing.co
de.tex
File: pgfcorepathprocessing.code.tex 2025-08-29 v3.1.11a (3.1.11a)
)
(c:/texlive/2026/texmf-dist/tex/generic/pgf/basiclayer/pgfcorearrows.code.tex
File: pgfcorearrows.code.tex 2025-08-29 v3.1.11a (3.1.11a)
\pgfarrowsep=\dimen322
)
(c:/texlive/2026/texmf-dist/tex/generic/pgf/basiclayer/pgfcoreshade.code.tex
File: pgfcoreshade.code.tex 2025-08-29 v3.1.11a (3.1.11a)
\pgf@max=\dimen323
\pgf@sys@shading@range@num=\count509
\pgf@shadingcount=\count510
)
(c:/texlive/2026/texmf-dist/tex/generic/pgf/basiclayer/pgfcoreimage.code.tex
File: pgfcoreimage.code.tex 2025-08-29 v3.1.11a (3.1.11a)
)
(c:/texlive/2026/texmf-dist/tex/generic/pgf/basiclayer/pgfcoreexternal.code.tex
File: pgfcoreexternal.code.tex 2025-08-29 v3.1.11a (3.1.11a)
\pgfexternal@startupbox=\box123
) (c:/texlive/2026/texmf-dist/tex/generic/pgf/basiclayer/pgfcorelayers.code.tex
File: pgfcorelayers.code.tex 2025-08-29 v3.1.11a (3.1.11a)
)
(c:/texlive/2026/texmf-dist/tex/generic/pgf/basiclayer/pgfcoretransparency.code
.tex
File: pgfcoretransparency.code.tex 2025-08-29 v3.1.11a (3.1.11a)
)
(c:/texlive/2026/texmf-dist/tex/generic/pgf/basiclayer/pgfcorepatterns.code.tex
File: pgfcorepatterns.code.tex 2025-08-29 v3.1.11a (3.1.11a)
) (c:/texlive/2026/texmf-dist/tex/generic/pgf/basiclayer/pgfcorerdf.code.tex
File: pgfcorerdf.code.tex 2025-08-29 v3.1.11a (3.1.11a)
))) (c:/texlive/2026/texmf-dist/tex/generic/pgf/modules/pgfmoduleshapes.code.te
x
File: pgfmoduleshapes.code.tex 2025-08-29 v3.1.11a (3.1.11a)
\pgfnodeparttextbox=\box124
)
(c:/texlive/2026/texmf-dist/tex/generic/pgf/modules/pgfmoduleplot.code.tex
File: pgfmoduleplot.code.tex 2025-08-29 v3.1.11a (3.1.11a)
)
(c:/texlive/2026/texmf-dist/tex/latex/pgf/compatibility/pgfcomp-version-0-65.st
y
Package: pgfcomp-version-0-65 2025-08-29 v3.1.11a (3.1.11a)
\pgf@nodesepstart=\dimen324
\pgf@nodesepend=\dimen325
)
(c:/texlive/2026/texmf-dist/tex/latex/pgf/compatibility/pgfcomp-version-1-18.st
y
Package: pgfcomp-version-1-18 2025-08-29 v3.1.11a (3.1.11a)
)) (c:/texlive/2026/texmf-dist/tex/latex/pgf/utilities/pgffor.sty
(c:/texlive/2026/texmf-dist/tex/latex/pgf/utilities/pgfkeys.sty
(c:/texlive/2026/texmf-dist/tex/generic/pgf/utilities/pgfkeys.code.tex))
(c:/texlive/2026/texmf-dist/tex/latex/pgf/math/pgfmath.sty
(c:/texlive/2026/texmf-dist/tex/generic/pgf/math/pgfmath.code.tex))
(c:/texlive/2026/texmf-dist/tex/generic/pgf/utilities/pgffor.code.tex
Package: pgffor 2025-08-29 v3.1.11a (3.1.11a)
\pgffor@iter=\dimen326
\pgffor@skip=\dimen327
\pgffor@stack=\toks53
\pgffor@toks=\toks54
))
(c:/texlive/2026/texmf-dist/tex/generic/pgf/frontendlayer/tikz/tikz.code.tex
Package: tikz 2025-08-29 v3.1.11a (3.1.11a)

(c:/texlive/2026/texmf-dist/tex/generic/pgf/libraries/pgflibraryplothandlers.co
de.tex
File: pgflibraryplothandlers.code.tex 2025-08-29 v3.1.11a (3.1.11a)
\pgf@plot@mark@count=\count511
\pgfplotmarksize=\dimen328
)
\tikz@lastx=\dimen329
\tikz@lasty=\dimen330
\tikz@lastxsaved=\dimen331
\tikz@lastysaved=\dimen332
\tikz@lastmovetox=\dimen333
\tikz@lastmovetoy=\dimen334
\tikzleveldistance=\dimen335
\tikzsiblingdistance=\dimen336
\tikz@figbox=\box125
\tikz@figbox@bg=\box126
\tikz@tempbox=\box127
\tikz@tempbox@bg=\box128
\tikztreelevel=\count512
\tikznumberofchildren=\count513
\tikznumberofcurrentchild=\count514
\tikz@fig@count=\count515

(c:/texlive/2026/texmf-dist/tex/generic/pgf/modules/pgfmodulematrix.code.tex
File: pgfmodulematrix.code.tex 2025-08-29 v3.1.11a (3.1.11a)
\pgfmatrixcurrentrow=\count516
\pgfmatrixcurrentcolumn=\count517
\pgf@matrix@numberofcolumns=\count518
)
\tikz@expandcount=\count519

(c:/texlive/2026/texmf-dist/tex/generic/pgf/frontendlayer/tikz/libraries/tikzli
brarytopaths.code.tex
File: tikzlibrarytopaths.code.tex 2025-08-29 v3.1.11a (3.1.11a)
)))
(c:/texlive/2026/texmf-dist/tex/generic/pgf/frontendlayer/tikz/libraries/tikzli
brarycalc.code.tex
File: tikzlibrarycalc.code.tex 2025-08-29 v3.1.11a (3.1.11a)
)
(c:/texlive/2026/texmf-dist/tex/generic/pgf/frontendlayer/tikz/libraries/tikzli
braryshapes.symbols.code.tex
File: tikzlibraryshapes.symbols.code.tex 2025-08-29 v3.1.11a (3.1.11a)

(c:/texlive/2026/texmf-dist/tex/generic/pgf/libraries/shapes/pgflibraryshapes.s
ymbols.code.tex
File: pgflibraryshapes.symbols.code.tex 2025-08-29 v3.1.11a (3.1.11a)
))
(c:/texlive/2026/texmf-dist/tex/generic/pgf/frontendlayer/tikz/libraries/tikzli
braryshadows.code.tex
File: tikzlibraryshadows.code.tex 2025-08-29 v3.1.11a (3.1.11a)

(c:/texlive/2026/texmf-dist/tex/generic/pgf/frontendlayer/tikz/libraries/tikzli
braryfadings.code.tex
File: tikzlibraryfadings.code.tex 2025-08-29 v3.1.11a (3.1.11a)

(c:/texlive/2026/texmf-dist/tex/generic/pgf/libraries/pgflibraryfadings.code.te
x
File: pgflibraryfadings.code.tex 2025-08-29 v3.1.11a (3.1.11a)
))) (c:/texlive/2026/texmf-dist/tex/latex/adjustbox/adjustbox.sty
Package: adjustbox 2025/02/26 v1.3c Adjusting TeX boxes (trim, clip, ...)

(c:/texlive/2026/texmf-dist/tex/latex/adjustbox/adjcalc.sty
Package: adjcalc 2012/05/16 v1.1 Provides advanced setlength with multiple back
-ends (calc, etex, pgfmath)
)
(c:/texlive/2026/texmf-dist/tex/latex/adjustbox/trimclip.sty
Package: trimclip 2025/02/21 v1.2a Trim and clip general TeX material

(c:/texlive/2026/texmf-dist/tex/latex/collectbox/collectbox.sty
Package: collectbox 2022/10/17 v0.4c Collect macro arguments as boxes
\collectedbox=\box129
)
\tc@llx=\dimen337
\tc@lly=\dimen338
\tc@urx=\dimen339
\tc@ury=\dimen340
Package trimclip Info: Using driver 'tc-luatex.def'.

(c:/texlive/2026/texmf-dist/tex/latex/adjustbox/tc-luatex.def
File: tc-luatex.def 2025/02/26 v1.1 Clipping driver for luatex

(c:/texlive/2026/texmf-dist/tex/latex/adjustbox/tc-pdftex.def
File: tc-pdftex.def 2025/02/26 v2.3 Clipping driver for pdftex
)))
\adjbox@Width=\dimen341
\adjbox@Height=\dimen342
\adjbox@Depth=\dimen343
\adjbox@Totalheight=\dimen344
\adjbox@pwidth=\dimen345
\adjbox@pheight=\dimen346
\adjbox@pdepth=\dimen347
\adjbox@ptotalheight=\dimen348

(c:/texlive/2026/texmf-dist/tex/latex/ifoddpage/ifoddpage.sty
Package: ifoddpage 2022/10/18 v1.2 Conditionals for odd/even page detection
\c@checkoddpage=\count520
)
(c:/texlive/2026/texmf-dist/tex/latex/varwidth/varwidth.sty
Package: varwidth 2009/03/30 ver 0.92;  Variable-width minipages
\@vwid@box=\box130
\sift@deathcycles=\count521
\@vwid@loff=\dimen349
\@vwid@roff=\dimen350
)
==> First Aid for varwidth.sty applied!
) (c:/texlive/2026/texmf-dist/tex/latex/relsize/relsize.sty
Package: relsize 2013/03/29 ver 4.1
)
\l__twmk_indris_int=\count522
\c@tw@hyphen@char@num=\count523
)
(c:/texlive/2026/texmf-dist/tex/latex/fontawesome5/fontawesome5.sty
Package: fontawesome5 2022/05/02 v5.15.4 Font Awesome 5

(c:/texlive/2026/texmf-dist/tex/latex/fontawesome5/fontawesome5-utex-helper.sty
Package: fontawesome5-utex-helper 2022/05/02 v5.15.4 uTeX helper for fontawesom
e5
(c:/texlive/2026/texmf-dist/tex/luatex/luatexbase/luatexbase.sty
Package: luatexbase 2015/10/04 v1.3 luatexbase interface to LuaTeX 

(c:/texlive/2026/texmf-dist/tex/luatex/ctablestack/ctablestack.sty
Package: ctablestack 2015/10/01 v1.0 Catcode table stable support
\@catcodetablestackcnt=\count524
)
\CatcodeTableOther=\catcodetable17
\CatcodeTableExpl=\catcodetable18
)
LaTeX Font Info:    Trying to load font information for TU+fontawesomefree on i
nput line 69.

(c:/texlive/2026/texmf-dist/tex/latex/fontawesome5/tufontawesomefree.fd)
LaTeX Font Info:    Trying to load font information for TU+fontawesomebrands on
 input line 70.

(c:/texlive/2026/texmf-dist/tex/latex/fontawesome5/tufontawesomebrands.fd)))

Class scrbook Warning: Usage of package `fancyhdr' together
(scrbook)              with a KOMA-Script class is not recommended.
(scrbook)              I'd suggest to use 
(scrbook)              package `scrlayer' or `scrlayer-scrpage', because
(scrbook)              they support KOMA-Script classes.
(scrbook)              With `fancyhdr' several features of class `scrbook'
(scrbook)              like options `headsepline', `footsepline' or command
(scrbook)              `\MakeMarkcase' and the commands `\setkomafont' and
(scrbook)              `\addtokomafont' for the page style elements need
(scrbook)              explicite user intervention to work.
(scrbook)              Nevertheless, using requested
(scrbook)              package `fancyhdr' on input line 150.

(c:/texlive/2026/texmf-dist/tex/latex/fancyhdr/fancyhdr.sty
Package: fancyhdr 2025/02/07 v5.2 Extensive control of page headers and footers

\f@nch@headwidth=\skip107
\f@nch@offset@elh=\skip108
\f@nch@offset@erh=\skip109
\f@nch@offset@olh=\skip110
\f@nch@offset@orh=\skip111
\f@nch@offset@elf=\skip112
\f@nch@offset@erf=\skip113
\f@nch@offset@olf=\skip114
\f@nch@offset@orf=\skip115
\f@nch@height=\skip116
\f@nch@footalignment=\skip117
\f@nch@widthL=\skip118
\f@nch@widthC=\skip119
\f@nch@widthR=\skip120
\@temptokenb=\toks55
)
(c:/texlive/2026/texmf-dist/tex/latex/media9/media9.sty
Package: media9 2025/06/24 v1.30 acrobat-9/X compatible media
\g_mix_pkgresizeflag_int=\count525

(c:/texlive/2026/texmf-dist/tex/latex/media9/pdfbase.sty
Package: pdfbase 2024/09/16 v0.59 driver independent access to low-level PDF fe
atures
\g_pbs_page_int=\count526
\g_pbs_oc_int=\count527
)
(c:/texlive/2026/texmf-dist/tex/latex/ocgx2/ocgbase.sty
Package: ocgbase 2024/09/15 v0.24 support package for ocgx2.sty
)
\l_mix_poster_box=\box131
\g_mix_wd_dim=\dimen351
\g_mix_ht_dim=\dimen352
\g_mix_dp_dim=\dimen353
\g_mix_rmcnt_int=\count528
\l_mix_viewcnt_int=\count529
\g@mix@page@int=\count530
\g_mix_resizeflag_int=\count531
\l_mix_lineno_int=\count532
\l_mix_pbtn_box=\box132
\g_mix_mbtncnt_int=\count533
\mix@btn@dim=\dimen354
)
(c:/texlive/2026/texmf-dist/tex/latex/animate/animate.sty
Package: animate 2024/10/14 PDF & SVG animations from files and inline graphics


(c:/texlive/2026/texmf-dist/tex/latex/oberdiek/ifdraft.sty
Package: ifdraft 2016/05/16 v1.4 Detect class options draft and final (HO)
)
(c:/texlive/2026/texmf-dist/tex/latex/zref/zref-abspage.sty
Package: zref-abspage 2025-06-08 v2.36 Module abspage for zref (HO)

(c:/texlive/2026/texmf-dist/tex/latex/zref/zref-base.sty
Package: zref-base 2025-06-08 v2.36 Module base for zref (HO)

(c:/texlive/2026/texmf-dist/tex/latex/auxhook/auxhook.sty
Package: auxhook 2019-12-17 v1.6 Hooks for auxiliary files (HO)
)
Package zref Info: New property list: main on input line 767.
Package zref Info: New property: default on input line 768.
Package zref Info: New property: page on input line 769.
)
\c@abspage=\count534
Package zref Info: New property: abspage on input line 67.
)
\@anim@box=\box133
\@anim@measbox=\box134
\@anim@tmpdima=\dimen355
\@anim@tmpdimb=\dimen356
\@anim@num=\count535
\@anim@curframe=\count536
\@anim@curframe@zb=\count537
\@anim@resizeflags=\count538
\@anim@skipfram=\count539
\@anim@mulframecnt=\count540
\@anim@@tmlnfile=\read6
\@anim@tmpcnt=\count541
\c@@anim@ltxcnt=\count542
\@anim@curlayer=\count543
\@anim@lineno=\count544
\@anim@curfield=\count545
\@anim@@resizeflags=\count546
)
\c@AnimateAngle=\count547
\c@AnimateStepFactor=\count548
\c@AnimateSteps=\count549

(c:/texlive/2026/texmf-dist/tex/latex/multirow/multirow.sty
Package: multirow 2024/11/12 v2.9 Span multiple rows of a table
\multirow@colwidth=\skip121
\multirow@cntb=\count550
\multirow@dima=\skip122
\bigstrutjot=\dimen357
)
(c:/texlive/2026/texmf-dist/tex/latex/graphics/rotating.sty
Package: rotating 2025/01/14 v2.16e rotated objects in LaTeX
\c@r@tfl@t=\count551
\rotFPtop=\skip123
\rotFPbot=\skip124
\rot@float@box=\box135
\rot@mess@toks=\toks56
)
(c:/texlive/2026/texmf-dist/tex/latex/enumitem/enumitem.sty
Package: enumitem 2025/02/06 v3.11 Customized lists
\labelindent=\skip125
\enit@outerparindent=\dimen358
\enit@toks=\toks57
\enit@inbox=\box136
\enit@count@id=\count552
\enitdp@description=\count553
)
(c:/texlive/2026/texmf-dist/tex/latex/spverbatim/spverbatim.sty
Package: spverbatim 2009/08/10 v1.0 Verbatim with breakable spaces
)
(c:/texlive/2026/texmf-dist/tex/latex/siunitx/siunitx.sty
Package: siunitx 2025-07-09 v3.4.14 A comprehensive (SI) units package
\l__siunitx_number_uncert_offset_int=\count554
\l__siunitx_number_exponent_fixed_int=\count555
\l__siunitx_number_min_decimal_int=\count556
\l__siunitx_number_min_integer_int=\count557
\l__siunitx_number_round_precision_int=\count558
\l__siunitx_number_lower_threshold_int=\count559
\l__siunitx_number_upper_threshold_int=\count560
\l__siunitx_number_group_first_int=\count561
\l__siunitx_number_group_size_int=\count562
\l__siunitx_number_group_minimum_int=\count563
\l__siunitx_angle_tmp_dim=\dimen359
\l__siunitx_angle_marker_box=\box137
\l__siunitx_angle_unit_box=\box138
\l__siunitx_compound_count_int=\count564
\l__siunitx_table_tmp_box=\box139
\l__siunitx_table_tmp_dim=\dimen360
\l__siunitx_table_column_width_dim=\dimen361
\l__siunitx_table_integer_box=\box140
\l__siunitx_table_decimal_box=\box141
\l__siunitx_table_uncert_box=\box142
\l__siunitx_table_before_box=\box143
\l__siunitx_table_after_box=\box144
\l__siunitx_table_before_dim=\dimen362
\l__siunitx_table_carry_dim=\dimen363
\l__siunitx_unit_tmp_int=\count565
\l__siunitx_unit_position_int=\count566
\l__siunitx_unit_total_int=\count567


Package siunitx Warning: Option "binary-units" has been removed in this
(siunitx)                release.

) (c:/texlive/2026/texmf-dist/tex/latex/todonotes/todonotes.sty
Package: todonotes 2024/01/05 v1.1.7 Todonotes source and documentation.
Package: todonotes 2024/01/05

(c:/texlive/2026/texmf-dist/tex/generic/pgf/frontendlayer/tikz/libraries/tikzli
brarypositioning.code.tex
File: tikzlibrarypositioning.code.tex 2025-08-29 v3.1.11a (3.1.11a)
)
\c@@todonotes@numberoftodonotes=\count568
)
(c:/texlive/2026/texmf-dist/tex/latex/makecell/makecell.sty
Package: makecell 2009/08/03 V0.1e Managing of Tab Column Heads and Cells
\rotheadsize=\dimen364
\c@nlinenum=\count569
\TeXr@lab=\toks58
)
(c:/texlive/2026/texmf-dist/tex/latex/bera/beramono.sty
Package: beramono 2004/01/31 (WaS)
)
(c:/texlive/2026/texmf-dist/tex/latex/nomencl/nomencl.sty
Package: nomencl 2021/11/10 v5.6 Nomenclature package
Package tocbasic Info: setting babel extension for `nlo' on input line 187.
Package tocbasic Info: setting babel extension for `nls' on input line 188.
\nomlabelwidth=\dimen365
\nom@tempdim=\dimen366
\nomitemsep=\skip126
)
\@nomenclaturefile=\write6

\openout6 = Nano33BLESense.nlo
Package nomencl Info: Writing nomenclature file Nano33BLESense.nlo on input lin
e 279.
\enitdp@todolist=\count570

(c:/texlive/2026/texmf-dist/tex/latex/blindtext/blindtext.sty
Package: blindtext 2012/01/06 V2.0 blindtext-Package

(c:/texlive/2026/texmf-dist/tex/latex/tools/xspace.sty
Package: xspace 2014/10/28 v1.13 Space after command names (DPC,MH)
)
\c@blindtext=\count571
\c@Blindtext=\count572
\c@blind@countparstart=\count573
\blind@countxx=\count574
\blindtext@numBlindtext=\count575
\blind@countyy=\count576
\c@blindlist=\count577
\c@blindlistlevel=\count578
\c@blindlist@level=\count579
\blind@listitem=\count580
\c@blind@listcount=\count581
\c@blind@levelcount=\count582
\blind@mathformula=\count583
\blind@Mathformula=\count584
\c@blind@randomcount=\count585
\c@blind@randommax=\count586
\c@blind@pangramcount=\count587
\c@blind@pangrammax=\count588
)
(c:/texlive/2026/texmf-dist/tex/latex/comment/comment.sty
\CommentStream=\write7

Excluding comment 'comment')
(c:/texlive/2026/texmf-dist/tex/latex/matlab-prettifier/matlab-prettifier.sty
Package: matlab-prettifier 2014/06/19 v0.3 A package for prettyprinting Matlab 
source code
\netBracketCount@mlpr=\count589
\blkLvl@mlpr=\count590
\blkLvlAtClassdef@mlpr=\count591
\emHeight@mlpr=\skip127
\jayDepth@mlpr=\skip128
\sectionRuleOffset@mlpr=\skip129
\toks@mlpr=\toks59
)
(c:/texlive/2026/texmf-dist/tex/latex/csquotes/csquotes.sty
Package: csquotes 2024-04-04 v5.2o context-sensitive quotations (JAW)
\csq@reset=\count592
\csq@gtype=\count593
\csq@glevel=\count594
\csq@qlevel=\count595
\csq@maxlvl=\count596
\csq@tshold=\count597
\csq@ltx@everypar=\toks60

(c:/texlive/2026/texmf-dist/tex/latex/csquotes/csquotes.def
File: csquotes.def 2024-04-04 v5.2o csquotes generic definitions (JAW)
)
Package csquotes Info: Trying to load configuration file 'csquotes.cfg'...
Package csquotes Info: ... configuration file loaded successfully.

(c:/texlive/2026/texmf-dist/tex/latex/csquotes/csquotes.cfg
File: csquotes.cfg 
))
(c:/texlive/2026/texmf-dist/tex/latex/booktabs/booktabs.sty
Package: booktabs 2020/01/12 v1.61803398 Publication quality tables
\heavyrulewidth=\dimen367
\lightrulewidth=\dimen368
\cmidrulewidth=\dimen369
\belowrulesep=\dimen370
\belowbottomsep=\dimen371
\aboverulesep=\dimen372
\abovetopsep=\dimen373
\cmidrulesep=\dimen374
\cmidrulekern=\dimen375
\defaultaddspace=\dimen376
\@cmidla=\count598
\@cmidlb=\count599
\@aboverulesep=\dimen377
\@belowrulesep=\dimen378
\@thisruleclass=\count600
\@lastruleclass=\count601
\@thisrulewidth=\dimen379
))
(c:/texlive/2026/texmf-dist/tex/latex/tcolorbox/tcolorbox.sty
Package: tcolorbox 2025/11/28 version 6.9.0 text color boxes

(c:/texlive/2026/texmf-dist/tex/latex/tools/verbatim.sty
Package: verbatim 2024-01-22 v1.5x LaTeX2e package for verbatim enhancements
\every@verbatim=\toks61
\verbatim@line=\toks62
\verbatim@in@stream=\read7
)
(c:/texlive/2026/texmf-dist/tex/latex/environ/environ.sty
Package: environ 2014/05/04 v0.3 A new way to define environments

(c:/texlive/2026/texmf-dist/tex/latex/trimspaces/trimspaces.sty
Package: trimspaces 2009/09/17 v1.1 Trim spaces around a token list
))
\tcb@titlebox=\box145
\tcb@upperbox=\box146
\tcb@lowerbox=\box147
\tcb@phantombox=\box148
\c@tcbbreakpart=\count602
\c@tcblayer=\count603
\c@tcolorbox@number=\count604
\l__tcobox_tmpa_box=\box149
\l__tcobox_tmpa_dim=\dimen380
\tcb@temp=\box150
\tcb@temp=\box151
\tcb@temp=\box152
\tcb@temp=\box153
)
(../../General/commands.tex
\c@notesi=\count605
\enitdp@notes=\count606
\c@fehlernummer=\count607
\c@FortlaufendeNummer=\count608
\c@LetztesKapitel=\count609
\c@BeamerChapter=\count610

(c:/texlive/2026/texmf-dist/tex/latex/listings/lstlang1.sty
File: lstlang1.sty 2025/11/14 1.11b listings language file
)
(c:/texlive/2026/texmf-dist/tex/latex/listings/lstlang1.sty
File: lstlang1.sty 2025/11/14 1.11b listings language file
)
(c:/texlive/2026/texmf-dist/tex/latex/listings/lstlang1.sty
File: lstlang1.sty 2025/11/14 1.11b listings language file
)
(c:/texlive/2026/texmf-dist/tex/latex/listings/lstmisc.sty
File: lstmisc.sty 2025/11/14 1.11b (Carsten Heinz)
)
Package caption Info: Option `declare type' requires the `newfloat' package on 
input line 665.

(c:/texlive/2026/texmf-dist/tex/latex/newfloat/newfloat.sty
Package: newfloat 2023/10/01 v1.2 Defining new floating environments (AR)
Package newfloat Info: `rotating' package detected.
)
Package newfloat Info: New float `code' with options `' on input line 665.
\c@code=\count611
Package newfloat Info: float type `code'=4 on input line 665.
Package tocbasic Info: setting babel extension for `locode' on input line 665.
Package caption Info: New subtype `subcode' on input line 665.
\c@subcode=\count612

(c:/texlive/2026/texmf-dist/tex/latex/listings/lstlang1.sty
File: lstlang1.sty 2025/11/14 1.11b listings language file
)
(c:/texlive/2026/texmf-dist/tex/latex/listings/lstlang2.sty
File: lstlang2.sty 2025/11/14 1.11b listings language file
)
(c:/texlive/2026/texmf-dist/tex/latex/listings/lstlang3.sty
File: lstlang3.sty 2025/11/14 1.11b listings language file
)
(c:/texlive/2026/texmf-dist/tex/latex/listings/lstlang1.sty
File: lstlang1.sty 2025/11/14 1.11b listings language file
)
(c:/texlive/2026/texmf-dist/tex/latex/listings/lstlang2.sty
File: lstlang2.sty 2025/11/14 1.11b listings language file
)
(c:/texlive/2026/texmf-dist/tex/latex/listings/lstlang3.sty
File: lstlang3.sty 2025/11/14 1.11b listings language file
)
(c:/texlive/2026/texmf-dist/tex/latex/listings/lstlang1.sty
File: lstlang1.sty 2025/11/14 1.11b listings language file
)
(c:/texlive/2026/texmf-dist/tex/latex/listings/lstlang2.sty
File: lstlang2.sty 2025/11/14 1.11b listings language file
)
(c:/texlive/2026/texmf-dist/tex/latex/listings/lstlang3.sty
File: lstlang3.sty 2025/11/14 1.11b listings language file
)
(c:/texlive/2026/texmf-dist/tex/latex/listings/lstmisc.sty
File: lstmisc.sty 2025/11/14 1.11b (Carsten Heinz)
))
(../../General/tikzdefs.tex
(c:/texlive/2026/texmf-dist/tex/latex/pgfplots/pgfplots.sty
(c:/texlive/2026/texmf-dist/tex/generic/pgfplots/pgfplots.revision.tex)
Package: pgfplots 2025/08/14 v1.18.2 Data Visualization (1.18.2)

(c:/texlive/2026/texmf-dist/tex/generic/pgfplots/pgfplots.code.tex
(c:/texlive/2026/texmf-dist/tex/generic/pgfplots/pgfplotscore.code.tex
Package pgfplots info on input line 124: Initializing with LUA version Lua 5.3
\pgfplots@luabackend@table=\catcodetable19
\t@pgfplots@toka=\toks63
\t@pgfplots@tokb=\toks64
\t@pgfplots@tokc=\toks65
\pgfplots@tmpa=\dimen381
\c@pgfplots@coordindex=\count613
\c@pgfplots@scanlineindex=\count614

(c:/texlive/2026/texmf-dist/tex/generic/pgfplots/sys/pgfplotssysgeneric.code.te
x))
(c:/texlive/2026/texmf-dist/tex/generic/pgfplots/libs/pgfplotslibrary.code.tex)
(c:/texlive/2026/texmf-dist/tex/generic/pgfplots/oldpgfcompatib/pgfplotsoldpgfs
upp_loader.code.tex
(c:/texlive/2026/texmf-dist/tex/generic/pgf/libraries/pgflibraryfpu.code.tex)
(c:/texlive/2026/texmf-dist/tex/generic/pgfplots/oldpgfcompatib/pgfplotsoldpgfs
upp_pgfutil-common-lists.tex)
(c:/texlive/2026/texmf-dist/tex/generic/pgf/libraries/luamath/pgflibraryluamath
.code.tex)
Package pgfplots info on input line 292: luamath library shipped with pgf 3.1.1
1a is up-to-date
)
(c:/texlive/2026/texmf-dist/tex/generic/pgfplots/util/pgfplotsutil.code.tex
Package pgfplots info on input line 82: Found new luatex: initializing lua comm
ands instead of write18 (shell-escape)

(c:/texlive/2026/texmf-dist/tex/generic/pgfplots/liststructure/pgfplotsliststru
cture.code.tex)
(c:/texlive/2026/texmf-dist/tex/generic/pgfplots/liststructure/pgfplotsliststru
ctureext.code.tex)
(c:/texlive/2026/texmf-dist/tex/generic/pgfplots/liststructure/pgfplotsarray.co
de.tex
\c@pgfplotsarray@tmp=\count615
)
(c:/texlive/2026/texmf-dist/tex/generic/pgfplots/liststructure/pgfplotsmatrix.c
ode.tex)
(c:/texlive/2026/texmf-dist/tex/generic/pgfplots/numtable/pgfplotstableshared.c
ode.tex
\c@pgfplotstable@counta=\count616
\t@pgfplotstable@a=\toks66
)
(c:/texlive/2026/texmf-dist/tex/generic/pgfplots/liststructure/pgfplotsdeque.co
de.tex)
(c:/texlive/2026/texmf-dist/tex/generic/pgfplots/util/pgfplotsbinary.code.tex
(c:/texlive/2026/texmf-dist/tex/generic/pgfplots/util/pgfplotsbinary.data.code.
tex))
(c:/texlive/2026/texmf-dist/tex/generic/pgfplots/util/pgfplotsutil.verb.code.te
x)
(c:/texlive/2026/texmf-dist/tex/generic/pgfplots/libs/pgflibrarypgfplots.surfsh
ading.code.tex
\c@pgfplotslibrarysurf@no=\count617

(c:/texlive/2026/texmf-dist/tex/generic/pgfplots/sys/pgflibrarypgfplots.surfsha
ding.pgfsys-luatex.def)))
(c:/texlive/2026/texmf-dist/tex/generic/pgfplots/util/pgfplotscolormap.code.tex
(c:/texlive/2026/texmf-dist/tex/generic/pgfplots/util/pgfplotscolor.code.tex))
(c:/texlive/2026/texmf-dist/tex/generic/pgfplots/pgfplotsstackedplots.code.tex) (c:/texlive/2026/texmf-dist/tex/generic/pgfplots/pgfplotsplothandlers.code.tex
(c:/texlive/2026/texmf-dist/tex/generic/pgfplots/pgfplotsmeshplothandler.code.t
ex
(c:/texlive/2026/texmf-dist/tex/generic/pgfplots/pgfplotsmeshplotimage.code.tex
))) (c:/texlive/2026/texmf-dist/tex/generic/pgfplots/pgfplots.scaling.code.tex)
(c:/texlive/2026/texmf-dist/tex/generic/pgfplots/pgfplotscoordprocessing.code.t
ex)
(c:/texlive/2026/texmf-dist/tex/generic/pgfplots/pgfplots.errorbars.code.tex)
(c:/texlive/2026/texmf-dist/tex/generic/pgfplots/pgfplots.markers.code.tex)
(c:/texlive/2026/texmf-dist/tex/generic/pgfplots/pgfplotsticks.code.tex)
(c:/texlive/2026/texmf-dist/tex/generic/pgfplots/pgfplots.paths.code.tex)
(c:/texlive/2026/texmf-dist/tex/generic/pgf/frontendlayer/tikz/libraries/tikzli
brarydecorations.code.tex
(c:/texlive/2026/texmf-dist/tex/generic/pgf/modules/pgfmoduledecorations.code.t
ex
\pgfdecoratedcompleteddistance=\dimen382
\pgfdecoratedremainingdistance=\dimen383
\pgfdecoratedinputsegmentcompleteddistance=\dimen384
\pgfdecoratedinputsegmentremainingdistance=\dimen385
\pgf@decorate@distancetomove=\dimen386
\pgf@decorate@repeatstate=\count618
\pgfdecorationsegmentamplitude=\dimen387
\pgfdecorationsegmentlength=\dimen388
)
\tikz@lib@dec@box=\box154
)
(c:/texlive/2026/texmf-dist/tex/generic/pgf/frontendlayer/tikz/libraries/tikzli
brarydecorations.pathmorphing.code.tex
(c:/texlive/2026/texmf-dist/tex/generic/pgf/libraries/decorations/pgflibrarydec
orations.pathmorphing.code.tex))
(c:/texlive/2026/texmf-dist/tex/generic/pgf/frontendlayer/tikz/libraries/tikzli
brarydecorations.pathreplacing.code.tex
(c:/texlive/2026/texmf-dist/tex/generic/pgf/libraries/decorations/pgflibrarydec
orations.pathreplacing.code.tex))
(c:/texlive/2026/texmf-dist/tex/generic/pgfplots/libs/tikzlibrarypgfplots.conto
urlua.code.tex)
\pgfplots@numplots=\count619
\pgfplots@xmin@reg=\dimen389
\pgfplots@xmax@reg=\dimen390
\pgfplots@ymin@reg=\dimen391
\pgfplots@ymax@reg=\dimen392
\pgfplots@zmin@reg=\dimen393
\pgfplots@zmax@reg=\dimen394
)
(c:/texlive/2026/texmf-dist/tex/generic/pgf/frontendlayer/tikz/libraries/tikzli
braryplotmarks.code.tex
File: tikzlibraryplotmarks.code.tex 2025-08-29 v3.1.11a (3.1.11a)

(c:/texlive/2026/texmf-dist/tex/generic/pgf/libraries/pgflibraryplotmarks.code.
tex
File: pgflibraryplotmarks.code.tex 2025-08-29 v3.1.11a (3.1.11a)
))) (c:/texlive/2026/texmf-dist/tex/latex/jknapltx/mathrsfs.sty
Package: mathrsfs 1996/01/01 Math RSFS package v1.0 (jk)
\symrsfs=\mathgroup6
)
(c:/texlive/2026/texmf-dist/tex/latex/circuitikz/circuitikz.sty
Package: circuitikz 2026/02/04{} The CircuiTikz circuit drawing package version
 1.8.5

(c:/texlive/2026/texmf-dist/tex/generic/pgf/libraries/pgflibraryarrows.meta.cod
e.tex
File: pgflibraryarrows.meta.code.tex 2025-08-29 v3.1.11a (3.1.11a)
\pgfarrowinset=\dimen395
\pgfarrowlength=\dimen396
\pgfarrowwidth=\dimen397
\pgfarrowlinewidth=\dimen398
)
(c:/texlive/2026/texmf-dist/tex/generic/pgf/frontendlayer/tikz/libraries/tikzli
brarybending.code.tex
File: tikzlibrarybending.code.tex 2025-08-29 v3.1.11a (3.1.11a)

(c:/texlive/2026/texmf-dist/tex/generic/pgf/modules/pgfmodulebending.code.tex
File: pgfmodulebending.code.tex 2025-08-29 v3.1.11a (3.1.11a)

(c:/texlive/2026/texmf-dist/tex/generic/pgf/modules/pgfmodulenonlineartransform
ations.code.tex
File: pgfmodulenonlineartransformations.code.tex 2025-08-29 v3.1.11a (3.1.11a)
\pgftransformnonlinearflatness=\dimen399
)
(c:/texlive/2026/texmf-dist/tex/generic/pgf/libraries/pgflibrarycurvilinear.cod
e.tex
File: pgflibrarycurvilinear.code.tex 2025-08-29 v3.1.11a (3.1.11a)
\pgf@curvilinear@time@a=\dimen400
\pgf@curvilinear@length@a=\dimen401
\pgf@curvilinear@length@b=\dimen402
\pgf@curvilinear@length@c=\dimen403
\pgf@curvilinear@length@d=\dimen404
)
\pgf@arrows@the@rigidity=\dimen405
))
(c:/texlive/2026/texmf-dist/tex/generic/pgf/frontendlayer/tikz/libraries/tikzli
braryfpu.code.tex)
(c:/texlive/2026/texmf-dist/tex/generic/circuitikz/pgfcirc.defines.tex
\pgf@circ@count@a=\count620
\pgf@circ@count@b=\count621
\pgf@circ@count@c=\count622
\pgf@circ@res@up=\dimen406
\pgf@circ@res@down=\dimen407
\pgf@circ@res@zero=\dimen408
\pgf@circ@res@left=\dimen409
\pgf@circ@res@right=\dimen410
\pgf@circ@res@other=\dimen411
\pgf@circ@res@step=\dimen412
\pgf@circ@res@temp=\dimen413
\pgf@circ@Rlen=\dimen414
\pgf@circ@scaled@Rlen=\dimen415
\pgfstartlinewidth=\dimen416
)
(c:/texlive/2026/texmf-dist/tex/generic/circuitikz/pgfcircutils.tex
\ctikz@scratchbox=\box155
)
(c:/texlive/2026/texmf-dist/tex/generic/circuitikz/pgfcircpath.tex
\ctikz@vif@count=\count623
)
(c:/texlive/2026/texmf-dist/tex/generic/circuitikz/pgfcircshapes.tex)
(c:/texlive/2026/texmf-dist/tex/generic/circuitikz/pgfcircmonopoles.tex)
(c:/texlive/2026/texmf-dist/tex/generic/circuitikz/pgfcircbipoles.tex)
(c:/texlive/2026/texmf-dist/tex/generic/circuitikz/pgfcirctripoles.tex
\pgf@circ@res@count=\count624
)
(c:/texlive/2026/texmf-dist/tex/generic/circuitikz/pgfcircquadpoles.tex)
(c:/texlive/2026/texmf-dist/tex/generic/circuitikz/pgfcircmultipoles.tex)
(c:/texlive/2026/texmf-dist/tex/generic/circuitikz/pgfcirclabel.tex)
(c:/texlive/2026/texmf-dist/tex/generic/circuitikz/pgfcircvoltage.tex
\pgfcirc@labelshift=\dimen417
)
(c:/texlive/2026/texmf-dist/tex/generic/circuitikz/pgfcirccurrent.tex)
(c:/texlive/2026/texmf-dist/tex/generic/circuitikz/pgfcircflow.tex))
(c:/texlive/2026/texmf-dist/tex/generic/pgf/frontendlayer/tikz/libraries/tikzli
braryshapes.code.tex
File: tikzlibraryshapes.code.tex 2025-08-29 v3.1.11a (3.1.11a)

(c:/texlive/2026/texmf-dist/tex/generic/pgf/frontendlayer/tikz/libraries/tikzli
braryshapes.geometric.code.tex
File: tikzlibraryshapes.geometric.code.tex 2025-08-29 v3.1.11a (3.1.11a)

(c:/texlive/2026/texmf-dist/tex/generic/pgf/libraries/shapes/pgflibraryshapes.g
eometric.code.tex
File: pgflibraryshapes.geometric.code.tex 2025-08-29 v3.1.11a (3.1.11a)
))
(c:/texlive/2026/texmf-dist/tex/generic/pgf/frontendlayer/tikz/libraries/tikzli
braryshapes.misc.code.tex
File: tikzlibraryshapes.misc.code.tex 2025-08-29 v3.1.11a (3.1.11a)

(c:/texlive/2026/texmf-dist/tex/generic/pgf/libraries/shapes/pgflibraryshapes.m
isc.code.tex
File: pgflibraryshapes.misc.code.tex 2025-08-29 v3.1.11a (3.1.11a)
))
(c:/texlive/2026/texmf-dist/tex/generic/pgf/frontendlayer/tikz/libraries/tikzli
braryshapes.arrows.code.tex
File: tikzlibraryshapes.arrows.code.tex 2025-08-29 v3.1.11a (3.1.11a)

(c:/texlive/2026/texmf-dist/tex/generic/pgf/libraries/shapes/pgflibraryshapes.a
rrows.code.tex
File: pgflibraryshapes.arrows.code.tex 2025-08-29 v3.1.11a (3.1.11a)
))
(c:/texlive/2026/texmf-dist/tex/generic/pgf/frontendlayer/tikz/libraries/tikzli
braryshapes.callouts.code.tex
(c:/texlive/2026/texmf-dist/tex/generic/pgf/libraries/shapes/pgflibraryshapes.c
allouts.code.tex))
(c:/texlive/2026/texmf-dist/tex/generic/pgf/frontendlayer/tikz/libraries/tikzli
braryshapes.multipart.code.tex
File: tikzlibraryshapes.multipart.code.tex 2025-08-29 v3.1.11a (3.1.11a)

(c:/texlive/2026/texmf-dist/tex/generic/pgf/libraries/shapes/pgflibraryshapes.m
ultipart.code.tex
File: pgflibraryshapes.multipart.code.tex 2025-08-29 v3.1.11a (3.1.11a)
\pgfnodepartlowerbox=\box156
\pgfnodeparttwobox=\box157
\pgfnodepartthreebox=\box158
\pgfnodepartfourbox=\box159
\pgfnodeparttwentybox=\box160
\pgfnodepartnineteenbox=\box161
\pgfnodeparteighteenbox=\box162
\pgfnodepartseventeenbox=\box163
\pgfnodepartsixteenbox=\box164
\pgfnodepartfifteenbox=\box165
\pgfnodepartfourteenbox=\box166
\pgfnodepartthirteenbox=\box167
\pgfnodeparttwelvebox=\box168
\pgfnodepartelevenbox=\box169
\pgfnodeparttenbox=\box170
\pgfnodepartninebox=\box171
\pgfnodeparteightbox=\box172
\pgfnodepartsevenbox=\box173
\pgfnodepartsixbox=\box174
\pgfnodepartfivebox=\box175
)))
(c:/texlive/2026/texmf-dist/tex/generic/pgf/frontendlayer/tikz/libraries/tikzli
braryarrows.code.tex
File: tikzlibraryarrows.code.tex 2025-08-29 v3.1.11a (3.1.11a)

(c:/texlive/2026/texmf-dist/tex/generic/pgf/libraries/pgflibraryarrows.code.tex
File: pgflibraryarrows.code.tex 2025-08-29 v3.1.11a (3.1.11a)
\arrowsize=\dimen418
))
(c:/texlive/2026/texmf-dist/tex/generic/pgf/frontendlayer/tikz/libraries/tikzli
braryangles.code.tex
File: tikzlibraryangles.code.tex 2025-08-29 v3.1.11a (3.1.11a)
)
(c:/texlive/2026/texmf-dist/tex/generic/pgf/frontendlayer/tikz/libraries/tikzli
braryquotes.code.tex
File: tikzlibraryquotes.code.tex 2025-08-29 v3.1.11a (3.1.11a)
)
(c:/texlive/2026/texmf-dist/tex/generic/pgf/frontendlayer/tikz/libraries/tikzli
brarybabel.code.tex
File: tikzlibrarybabel.code.tex 2025-08-29 v3.1.11a (3.1.11a)
)
(c:/texlive/2026/texmf-dist/tex/generic/pgf/frontendlayer/tikz/libraries/tikzli
brarymath.code.tex
\tikz@math@for@depth=\count625
\tikz@math@dimen=\dimen419
\tikz@math@toks=\toks67
)
(c:/texlive/2026/texmf-dist/tex/generic/pgf/frontendlayer/tikz/libraries/tikzli
brarymatrix.code.tex
File: tikzlibrarymatrix.code.tex 2025-08-29 v3.1.11a (3.1.11a)
)
(c:/texlive/2026/texmf-dist/tex/generic/pgf/frontendlayer/tikz/libraries/tikzli
brarybackgrounds.code.tex
File: tikzlibrarybackgrounds.code.tex 2025-08-29 v3.1.11a (3.1.11a)
\pgf@layerbox@background=\box176
\pgf@layerboxsaved@background=\box177
)
(c:/texlive/2026/texmf-dist/tex/generic/pgf/frontendlayer/tikz/libraries/tikzli
brarythrough.code.tex
File: tikzlibrarythrough.code.tex 2025-08-29 v3.1.11a (3.1.11a)
)
(c:/texlive/2026/texmf-dist/tex/latex/tikz-3dplot/tikz-3dplot.sty
(c:/texlive/2026/texmf-dist/tex/generic/pgf/frontendlayer/tikz/libraries/tikzli
brary3d.code.tex
File: tikzlibrary3d.code.tex 2025-08-29 v3.1.11a (3.1.11a)
))) (../../General/ArduinoFormatting.tex
(c:/texlive/2026/texmf-dist/tex/latex/psnfss/courier.sty
Package: courier 2020/03/25 PSNFSS-v9.3 (WaS) 
))
(../../General/acronyms.tex
\c@g@acro@abp@int=\count626
\c@g@acro@adc@int=\count627
\c@g@acro@adr@int=\count628
\c@g@acro@ai@int=\count629
\c@g@acro@aop@int=\count630
\c@g@acro@ap@int=\count631
\c@g@acro@api@int=\count632
\c@g@acro@appskey@int=\count633
\c@g@acro@appkey@int=\count634
\c@g@acro@ARM@int=\count635
\c@g@acro@as@int=\count636
\c@g@acro@bc@int=\count637
\c@g@acro@ble@int=\count638
\c@g@acro@bpm@int=\count639
\c@g@acro@bs@int=\count640
\c@g@acro@cad@int=\count641
\c@g@acro@ccd@int=\count642
\c@g@acro@cci@int=\count643
\c@g@acro@CIE@int=\count644
\c@g@acro@cifar@int=\count645
\c@g@acro@cg@int=\count646
\c@g@acro@cli@int=\count647
\c@g@acro@cmos@int=\count648
\c@g@acro@cnc@int=\count649
\c@g@acro@cnn@int=\count650
\c@g@acro@coco@int=\count651
\c@g@acro@cpu@int=\count652
\c@g@acro@crc@int=\count653
\c@g@acro@cs@int=\count654
\c@g@acro@csi@int=\count655
\c@g@acro@csp@int=\count656
\c@g@acro@cts@int=\count657
\c@g@acro@cuda@int=\count658
\c@g@acro@cudnn@int=\count659
\c@g@acro@dac@int=\count660
\c@g@acro@DC@int=\count661
\c@g@acro@deveui@int=\count662
\c@g@acro@diy@int=\count663
\c@g@acro@dll@int=\count664
\c@g@acro@dnn@int=\count665
\c@g@acro@devaddr@int=\count666
\c@g@acro@devnonce@int=\count667
\c@g@acro@ean@int=\count668
\c@g@acro@edr@int=\count669
\c@g@acro@eeprom@int=\count670
\c@g@acro@epc@int=\count671
\c@g@acro@esp32@int=\count672
\c@g@acro@esp32cam@int=\count673
\c@g@acro@espidf@int=\count674
\c@g@acro@etsi@int=\count675
\c@g@acro@fat@int=\count676
\c@g@acro@fcc@int=\count677
\c@g@acro@fp32@int=\count678
\c@g@acro@flops@int=\count679
\c@g@acro@fp16@int=\count680
\c@g@acro@fpga@int=\count681
\c@g@acro@fps@int=\count682
\c@g@acro@fsm@int=\count683
\c@g@acro@fuota@int=\count684
\c@g@acro@gnd@int=\count685
\c@g@acro@gpio@int=\count686
\c@g@acro@gpgpu@int=\count687
\c@g@acro@gpu@int=\count688
\c@g@acro@gtin@int=\count689
\c@g@acro@gui@int=\count690
\c@g@acro@hdmi@int=\count691
\c@g@acro@hf@int=\count692
\c@g@acro@hr@int=\count693
\c@g@acro@hw@int=\count694
\c@g@acro@i2c@int=\count695
\c@g@acro@i2s@int=\count696
\c@g@acro@ic@int=\count697
\c@g@acro@ide@int=\count698
\c@g@acro@iff@int=\count699
\c@g@acro@imu@int=\count700
\c@g@acro@int8@int=\count701
\c@g@acro@iot@int=\count702
\c@g@acro@ir@int=\count703
\c@g@acro@isbn@int=\count704
\c@g@acro@ism@int=\count705
\c@g@acro@isr@int=\count706
\c@g@acro@joineui@int=\count707
\c@g@acro@joinnonce@int=\count708
\c@g@acro@js@int=\count709
\c@g@acro@jst@int=\count710
\c@g@acro@kdd@int=\count711
\c@g@acro@ki@int=\count712
\c@g@acro@knn@int=\count713
\c@g@acro@led@int=\count714
\c@g@acro@lf@int=\count715
\c@g@acro@lns@int=\count716
\c@g@acro@lora@int=\count717
\c@g@acro@lorawan@int=\count718
\c@g@acro@lpwan@int=\count719
\c@g@acro@mac@int=\count720
\c@g@acro@mcd@int=\count721
\c@g@acro@MFCC@int=\count722
\c@g@acro@mfrc522@int=\count723
\c@g@acro@mic@int=\count724
\c@g@acro@mimd@int=\count725
\c@g@acro@miso@int=\count726
\c@g@acro@ml@int=\count727
\c@g@acro@mosfet@int=\count728
\c@g@acro@mosi@int=\count729
\c@g@acro@mp@int=\count730
\c@g@acro@nafc@int=\count731
\c@g@acro@nfc@int=\count732
\c@g@acro@nn@int=\count733
\c@g@acro@NumPy@int=\count734
\c@g@acro@nwkskey@int=\count735
\c@g@acro@nwskey@int=\count736
\c@g@acro@ocr@int=\count737
\c@g@acro@opencl@int=\count738
\c@g@acro@oled@int=\count739
\c@g@acro@otaa@int=\count740
\c@g@acro@ov2640@int=\count741
\c@g@acro@pan@int=\count742
\c@g@acro@pc@int=\count743
\c@g@acro@pcb@int=\count744
\c@g@acro@ppg@int=\count745
\c@g@acro@PIL@int=\count746
\c@g@acro@pdm@int=\count747
\c@g@acro@pla@int=\count748
\c@g@acro@ppa@int=\count749
\c@g@acro@pip@int=\count750
\c@g@acro@psram@int=\count751
\c@g@acro@pypi@int=\count752
\c@g@acro@pwm@int=\count753
\c@g@acro@qr@int=\count754
\c@g@acro@ram@int=\count755
\c@g@acro@rc522@int=\count756
\c@g@acro@relu@int=\count757
\c@g@acro@repl@int=\count758
\c@g@acro@resnets@int=\count759
\c@g@acro@rfid@int=\count760
\c@g@acro@rle@int=\count761
\c@g@acro@rgb@int=\count762
\c@g@acro@roi@int=\count763
\c@g@acro@rom@int=\count764
\c@g@acro@rtc@int=\count765
\c@g@acro@rtos@int=\count766
\c@g@acro@rpc@int=\count767
\c@g@acro@RTOS@int=\count768
\c@g@acro@rts@int=\count769
\c@g@acro@rx@int=\count770
\c@g@acro@sbc@int=\count771
\c@g@acro@sck@int=\count772
\c@g@acro@scl@int=\count773
\c@g@acro@sd@int=\count774
\c@g@acro@sda@int=\count775
\c@g@acro@sdhc@int=\count776
\c@g@acro@sd-1@int=\count777
\c@g@acro@sd-3@int=\count778
\c@g@acro@shf@int=\count779
\c@g@acro@simd@int=\count780
\c@g@acro@sm@int=\count781
\c@g@acro@snr@int=\count782
\c@g@acro@sp@int=\count783
\c@g@acro@spi@int=\count784
\c@g@acro@spp@int=\count785
\c@g@acro@sps@int=\count786
\c@g@acro@sram@int=\count787
\c@g@acro@ssh@int=\count788
\c@g@acro@sw@int=\count789
\c@g@acro@tf@int=\count790
\c@g@acro@tfcard@int=\count791
\c@g@acro@tfl@int=\count792
\c@g@acro@tid@int=\count793
\c@g@acro@toa@int=\count794
\c@g@acro@ToF@int=\count795
\c@g@acro@tpu@int=\count796
\c@g@acro@trf@int=\count797
\c@g@acro@ttn@int=\count798
\c@g@acro@tx@int=\count799
\c@g@acro@uart@int=\count800
\c@g@acro@uhf@int=\count801
\c@g@acro@ui@int=\count802
\c@g@acro@uid@int=\count803
\c@g@acro@uma@int=\count804
\c@g@acro@upc@int=\count805
\c@g@acro@usb@int=\count806
\c@g@acro@vcc@int=\count807
\c@g@acro@venv@int=\count808
\c@g@acro@vin@int=\count809
\c@g@acro@vpu@int=\count810
\c@g@acro@vm@int=\count811
\c@g@acro@vnc@int=\count812
\c@g@acro@vscode@int=\count813
\c@g@acro@wan@int=\count814
\c@g@acro@wifi@int=\count815
\c@g@acro@wppls@int=\count816
\c@g@acro@yolo@int=\count817
) (../../General/Hyphenations.tex
(c:/texlive/2026/texmf-dist/tex/latex/microtype/microtype.sty
Package: microtype 2026/03/01 v3.2d Micro-typographical refinements (RS)
\MT@toks=\toks68
\MT@tempbox=\box178
\MT@count=\count818
LaTeX Info: Redefining \noprotrusionifhmode on input line 1084.
LaTeX Info: Redefining \leftprotrusion on input line 1085.
\MT@prot@toks=\toks69
LaTeX Info: Redefining \rightprotrusion on input line 1104.
LaTeX Info: Redefining \textls on input line 1449.
\MT@outer@kern=\dimen420
LaTeX Info: Redefining \microtypecontext on input line 2053.
LaTeX Info: Redefining \textmicrotypecontext on input line 2070.
\MT@listname@count=\count819

(c:/texlive/2026/texmf-dist/tex/latex/microtype/microtype-luatex.def
File: microtype-luatex.def 2026/03/01 v3.2d Definitions specific to luatex (RS)

Lua module: microtype 2026/03/01 v3.2d microtype module.
Module microtype Info: overwriting function `keepligature' on input line 63
LaTeX Info: Redefining \lsstyle on input line 779.
LaTeX Info: Redefining \lslig on input line 779.
\MT@outer@space=\skip130
)
Package microtype Info: Loading configuration file microtype.cfg.

(c:/texlive/2026/texmf-dist/tex/latex/microtype/microtype.cfg
File: microtype.cfg 2026/03/01 v3.2d microtype main configuration file (RS)
)
LaTeX Info: Redefining \microtypesetup on input line 3065.
))
Class scrbook Info: loading recommended package `bookmark'.
(scrbook)           Using `bookmark' together with `hyperref' is recommended,
(scrbook)           because of handling of possible bookmark level gaps.
(scrbook)           You can avoid loading `bookmark' with KOMA-Script option
(scrbook)           `bookmarkpackage=false' before \begin{document} and
(scrbook)           you can avoid this message adding:
(scrbook)             \usepackage{bookmark}
(scrbook)           before \begin{document} on input line 40.

(c:/texlive/2026/texmf-dist/tex/latex/bookmark/bookmark.sty
Package: bookmark 2023-12-10 v1.31 PDF bookmarks (HO)

(c:/texlive/2026/texmf-dist/tex/latex/bookmark/bkm-pdftex.def
File: bkm-pdftex.def 2023-12-10 v1.31 bookmark driver for pdfTeX and luaTeX (HO
)
\BKM@id=\count820
))
Package csquotes Info: Checking for multilingual support...
Package csquotes Info: ... found 'babel' package.
Package csquotes Info: Adjusting default style.
Package csquotes Info: Redefining alias 'default' -> 'english'.

(./Nano33BLESense.aux

LaTeX Warning: Label `tab:comparison' multiply defined.


LaTeX Warning: Label `tab:comparison@cref' multiply defined.

)
\openout1 = Nano33BLESense.aux

LaTeX Font Info:    Checking defaults for OML/cmm/m/it on input line 40.
LaTeX Font Info:    ... okay on input line 40.
LaTeX Font Info:    Checking defaults for OMS/cmsy/m/n on input line 40.
LaTeX Font Info:    ... okay on input line 40.
LaTeX Font Info:    Checking defaults for OT1/cmr/m/n on input line 40.
LaTeX Font Info:    ... okay on input line 40.
LaTeX Font Info:    Checking defaults for T1/cmr/m/n on input line 40.
LaTeX Font Info:    ... okay on input line 40.
LaTeX Font Info:    Checking defaults for TS1/cmr/m/n on input line 40.
LaTeX Font Info:    ... okay on input line 40.
LaTeX Font Info:    Checking defaults for TU/lmr/m/n on input line 40.
LaTeX Font Info:    ... okay on input line 40.
LaTeX Font Info:    Checking defaults for OMX/cmex/m/n on input line 40.
LaTeX Font Info:    ... okay on input line 40.
LaTeX Font Info:    Checking defaults for U/cmr/m/n on input line 40.
LaTeX Font Info:    ... okay on input line 40.
LaTeX Font Info:    Checking defaults for PD1/pdf/m/n on input line 40.
LaTeX Font Info:    ... okay on input line 40.
LaTeX Font Info:    Checking defaults for PU/pdf/m/n on input line 40.
LaTeX Font Info:    ... okay on input line 40.
Package scrbase Info: activating english \partname on input line 40.
Package scrbase Info: activating english \chaptername on input line 40.
Package scrbase Info: activating english \appendixname on input line 40.
Package scrbase Info: activating english \figurename on input line 40.
Package scrbase Info: activating english \tablename on input line 40.
Package scrbase Info: activating english \contentsname on input line 40.
Package scrbase Info: activating english \listfigurename on input line 40.
Package scrbase Info: activating english \listtablename on input line 40.
Package scrbase Info: activating english \bibname on input line 40.
Package scrbase Info: activating english \indexname on input line 40.

*geometry* driver: auto-detecting
*geometry* detected driver: luatex
*geometry* verbose mode - [ preamble ] result:
* driver: luatex
* paper: a4paper
* layout: <same size as paper>
* layoutoffset:(h,v)=(0.0pt,0.0pt)
* modes: includehead includefoot twoside 
* h-part:(L,W,R)=(113.81102pt, 369.88583pt, 113.81102pt)
* v-part:(T,H,B)=(56.9055pt, 731.23584pt, 56.9055pt)
* \paperwidth=597.50787pt
* \paperheight=845.04684pt
* \textwidth=369.88583pt
* \textheight=656.23584pt
* \oddsidemargin=41.54103pt
* \evensidemargin=41.54103pt
* \topmargin=-15.36449pt
* \headheight=1.0pt
* \headsep=18.0pt
* \topskip=10.0pt
* \footskip=42.0pt
* \marginparwidth=112.03273pt
* \marginparsep=12.8401pt
* \columnsep=10.0pt
* \skip\footins=9.0pt plus 4.0pt minus 2.0pt
* \hoffset=0.0pt
* \voffset=0.0pt
* \mag=1000
* \@twocolumnfalse
* \@twosidetrue
* \@mparswitchtrue
* \@reversemarginfalse
* (1in=72.27pt=25.4mm, 1cm=28.453pt)

(c:/texlive/2026/texmf-dist/tex/context/base/mkii/supp-pdf.mkii
[Loading MPS to PDF converter (version 2006.09.02).]
\scratchcounter=\count821
\scratchdimen=\dimen421
\scratchbox=\box179
\nofMPsegments=\count822
\nofMParguments=\count823
\everyMPshowfont=\toks70
\MPscratchCnt=\count824
\MPscratchDim=\dimen422
\MPnumerator=\count825
\makeMPintoPDFobject=\count826
\everyMPtoPDFconversion=\toks71
) (c:/texlive/2026/texmf-dist/tex/latex/epstopdf-pkg/epstopdf-base.sty
Package: epstopdf-base 2020-01-24 v2.11 Base part for package epstopdf
Package epstopdf-base Info: Redefining graphics rule for `.eps' on input line 4
85.

(c:/texlive/2026/texmf-dist/tex/latex/latexconfig/epstopdf-sys.cfg
File: epstopdf-sys.cfg 2010/07/13 v1.3 Configuration of (r)epstopdf for TeX Liv
e
))
Package hyperref Info: Link coloring OFF on input line 40.
\c@lstlisting=\count827
Package tocbasic Info: setting babel extension for `lol' on input line 40.
\scr@dte@lstlisting@maxnumwidth=\skip131
LaTeX Font Info:    Trying to load font information for T1+pcr on input line 40
.

(c:/texlive/2026/texmf-dist/tex/latex/psnfss/t1pcr.fd
File: t1pcr.fd 2001/06/04 font definitions for T1/pcr.
)
LaTeX Font Info:    Font shape `T1/pcr/m/it' in size <10> not available
(Font)              Font shape `T1/pcr/m/sl' tried instead on input line 40.


LaTeX Font Warning: Font shape `T1/pcr/m/scsl' undefined
(Font)              using `T1/pcr/m/sc' instead on input line 40.

LaTeX Font Info:    Font shape `T1/pcr/b/it' in size <10> not available
(Font)              Font shape `T1/pcr/b/sl' tried instead on input line 40.

LaTeX Font Warning: Font shape `T1/pcr/b/scsl' undefined
(Font)              using `T1/pcr/b/sc' instead on input line 40.

LaTeX Font Info:    Font shape `T1/pcr/bx/n' in size <10> not available
(Font)              Font shape `T1/pcr/b/n' tried instead on input line 40.
LaTeX Font Info:    Font shape `T1/pcr/bx/it' in size <10> not available
(Font)              Font shape `T1/pcr/b/it' tried instead on input line 40.
LaTeX Font Info:    Font shape `T1/pcr/b/it' in size <10> not available
(Font)              Font shape `T1/pcr/b/sl' tried instead on input line 40.
LaTeX Font Info:    Font shape `T1/pcr/bx/sl' in size <10> not available
(Font)              Font shape `T1/pcr/b/sl' tried instead on input line 40.

LaTeX Font Warning: Font shape `T1/pcr/bx/scsl' undefined
(Font)              using `T1/pcr/bx/sc' instead on input line 40.

LaTeX Font Info:    Font shape `T1/pcr/bx/sc' in size <10> not available
(Font)              Font shape `T1/pcr/b/sc' tried instead on input line 40.

LaTeX Font Warning: Font shape `T1/pcr/sbx/sc' undefined
(Font)              using `T1/pcr/bx/sc' instead on input line 40.


LaTeX Font Warning: Font shape `T1/pcr/sbx/n' undefined
(Font)              using `T1/pcr/bx/n' instead on input line 40.


LaTeX Font Warning: Font shape `T1/pcr/sbx/it' undefined
(Font)              using `T1/pcr/bx/it' instead on input line 40.


LaTeX Font Warning: Font shape `T1/pcr/sbx/sl' undefined
(Font)              using `T1/pcr/bx/sl' instead on input line 40.


LaTeX Font Warning: Font shape `T1/pcr/bx/scsl' undefined
(Font)              using `T1/pcr/bx/sc' instead on input line 40.


LaTeX Font Warning: Font shape `T1/pcr/bc/sc' undefined
(Font)              using `T1/pcr/c/sc' instead on input line 40.


LaTeX Font Warning: Font shape `T1/pcr/c/n' undefined
(Font)              using `T1/pcr/m/n' instead on input line 40.


LaTeX Font Warning: Font shape `T1/pcr/c/it' undefined
(Font)              using `T1/pcr/c/n' instead on input line 40.


LaTeX Font Warning: Font shape `T1/pcr/c/sl' undefined
(Font)              using `T1/pcr/c/it' instead on input line 40.


LaTeX Font Warning: Font shape `T1/pcr/c/scit' undefined
(Font)              using `T1/pcr/c/sc' instead on input line 40.


LaTeX Font Warning: Font shape `T1/pcr/c/sc' undefined
(Font)              using `T1/pcr/c/n' instead on input line 40.


LaTeX Font Warning: Font shape `T1/pcr/lc/sc' undefined
(Font)              using `T1/pcr/c/sc' instead on input line 40.


LaTeX Font Warning: Font shape `T1/pcr/lc/n' undefined
(Font)              using `T1/pcr/c/n' instead on input line 40.


LaTeX Font Warning: Font shape `T1/pcr/lc/it' undefined
(Font)              using `T1/pcr/c/it' instead on input line 40.


LaTeX Font Warning: Font shape `T1/pcr/c/sl' undefined
(Font)              using `T1/pcr/c/it' instead on input line 40.


LaTeX Font Warning: Font shape `T1/pcr/lc/it' undefined
(Font)              using `T1/pcr/c/it' instead on input line 40.


LaTeX Font Warning: Font shape `T1/pcr/c/scit' undefined
(Font)              using `T1/pcr/c/sc' instead on input line 40.


LaTeX Font Warning: Font shape `T1/pcr/m/ui' undefined
(Font)              using `T1/pcr/m/n' instead on input line 40.


LaTeX Font Warning: Font shape `T1/pcr/bx/ui' undefined
(Font)              using `T1/pcr/bx/n' instead on input line 40.


LaTeX Font Warning: Font shape `T1/pcr/m/In' undefined
(Font)              using `T1/pcr/m/n' instead on input line 40.


(c:/texlive/2026/texmf-dist/tex/latex/translations/translations-basic-dictionar
y-english.trsl
File: translations-basic-dictionary-english.trsl (english translation file `tra
nslations-basic-dictionary')
)
Package translations Info: loading dictionary `translations-basic-dictionary' f
or `english'. on input line 40.
Package caption Info: Begin \AtBeginDocument code.
Package caption Info: longtable package is loaded.
 (c:/texlive/2026/texmf-dist/tex/latex/caption/ltcaption.sty
Package: ltcaption 2021/01/08 v1.4c longtable captions (AR)
)
Package caption Info: rotating package is loaded.
Package caption Info: End \AtBeginDocument code.
Package biblatex Info: Trying to load language 'english'...
Package biblatex Info: ... file 'english.lbx' found.

(c:/texlive/2026/texmf-dist/tex/latex/biblatex/lbx/english.lbx
File: english.lbx 2025/07/10 v3.21 biblatex localization (PK/MW)
)
Package biblatex Info: LuaTeX detected.
(biblatex)             Assuming input encoding 'utf8'.
Package biblatex Info: Automatic encoding selection.
(biblatex)             Assuming data encoding 'utf8'.
Package biblatex Info: Input encoding 'ascii' forced by
(biblatex)             'safeinputenc' option.
Package biblatex Info: LuaTeX detected.
(biblatex)             Assuming input encoding 'utf8'.
Package biblatex Info: Data encoding 'utf8' specified.
(biblatex)             No need to reencode data.
Package biblatex Info: Input encoding 'ascii' forced by
(biblatex)             'safeinputenc' option.

\openout4 = Nano33BLESense-blx.bib
Package biblatex Info: Trying to load bibliographic data...
Package biblatex Info: ... file 'Nano33BLESense.bbl' found.

(./Nano33BLESense.bbl)
Package biblatex Info: Reference section=0 on input line 40.
Package biblatex Info: Reference segment=0 on input line 40.
Package newfloat Info: `float' package detected.


Package pgfplots Warning: running in backwards compatibility mode (unsuitable t
ick labels; missing features). Consider writing \pgfplotsset{compat=1.18} into 
your preamble.
 on input line 40.

Package microtype Info: Patching varwidth to enable character protrusion.
\MT@vwid@leftmargin=\dimen423
\MT@vwid@rightmargin=\dimen424
LaTeX Info: Redefining \microtypecontext on input line 40.
Package microtype Info: Applying patch `item' on input line 40.
Package microtype Info: Applying patch `toc' on input line 40.
Package microtype Info: Applying patch `eqnum' on input line 40.
Package microtype Info: Applying patch `footnote' on input line 40.
Package microtype Info: Applying patch `verbatim' on input line 40.
LaTeX Info: Redefining \microtypesetup on input line 40.
Package microtype Info: Generating PDF output.
Package microtype Info: Character protrusion enabled (level 2).
Package microtype Info: Using default protrusion set `alltext'.
Package microtype Info: Automatic font expansion enabled (level 2),
(microtype)             stretch: 20, shrink: 20, step: 1, non-selected.
Package microtype Info: Using default expansion set `alltext-nott'.
Package microtype Info: Patching command `\showhyphens'.
Package microtype Info: No adjustment of tracking.
Package microtype Info: No adjustment of spacing.
Package microtype Info: No adjustment of kerning.
Package microtype Info: Redefining babel's language switching commands.
(c:/texlive/2026/texmf-dist/tex/latex/microtype/mt-cmr.cfg
File: mt-cmr.cfg 2013/05/19 v2.2 microtype config. file: Computer Modern Roman 
(RS)
)
Package tocbasic Info: usage of `tocbibind' detected on input line 40.
\g__cctab_next_cctab=\catcodetable20

(../../Contents/Nano33BLESense/Titelseite.tex
<../../Images/Allgemein/LogoDataScienceGruenBlau.jpg, id=31, 224.037pt x 142.13
1pt>
File: ../../Images/Allgemein/LogoDataScienceGruenBlau.jpg Graphic file (type jp
g)
<use ../../Images/Allgemein/LogoDataScienceGruenBlau.jpg>
Package luatex.def Info: ../../Images/Allgemein/LogoDataScienceGruenBlau.jpg  u
sed on input line 42.
(luatex.def)             Requested size: 626.06178pt x 227.6289pt.

Overfull \hbox (115.24437pt too wide) in paragraph at lines 42--43
[] []\T1/lmr/m/n/10 ; 
 []

LaTeX Font Info:    Trying to load font information for T1+lmss on input line 5
3.
(c:/texlive/2026/texmf-dist/tex/latex/lm/t1lmss.fd
File: t1lmss.fd 2015/05/01 v1.6.1 Font defs for Latin Modern
)
Package microtype Info: Loading generic protrusion settings for font family
(microtype)             `lmss' (encoding: T1).
(microtype)             For optimal results, create family-specific settings.
(microtype)             See the microtype manual for details.

Overfull \hbox (1764.46986pt too wide) in paragraph at lines 48--59
[] []
 []


Underfull \hbox (badness 10000) in paragraph at lines 48--59

 []

LaTeX Font Info:    Trying to load font information for OT1+lmr on input line 7
0.
(c:/texlive/2026/texmf-dist/tex/latex/lm/ot1lmr.fd
File: ot1lmr.fd 2015/05/01 v1.6.1 Font defs for Latin Modern
)
LaTeX Font Info:    Trying to load font information for OML+lmm on input line 7
0.

(c:/texlive/2026/texmf-dist/tex/latex/lm/omllmm.fd
File: omllmm.fd 2015/05/01 v1.6.1 Font defs for Latin Modern
)
LaTeX Font Info:    Trying to load font information for OMS+lmsy on input line 
70.

(c:/texlive/2026/texmf-dist/tex/latex/lm/omslmsy.fd
File: omslmsy.fd 2015/05/01 v1.6.1 Font defs for Latin Modern
)
LaTeX Font Info:    Trying to load font information for OMX+lmex on input line 
70.

(c:/texlive/2026/texmf-dist/tex/latex/lm/omxlmex.fd
File: omxlmex.fd 2015/05/01 v1.6.1 Font defs for Latin Modern
)
LaTeX Font Info:    External font `lmex10' loaded for size
(Font)              <10> on input line 70.
LaTeX Font Info:    External font `lmex10' loaded for size
(Font)              <7> on input line 70.
LaTeX Font Info:    External font `lmex10' loaded for size
(Font)              <5> on input line 70.
LaTeX Font Info:    Trying to load font information for U+msa on input line 70.


(c:/texlive/2026/texmf-dist/tex/latex/amsfonts/umsa.fd
File: umsa.fd 2013/01/14 v3.01 AMS symbols A
)
(c:/texlive/2026/texmf-dist/tex/latex/microtype/mt-msa.cfg
File: mt-msa.cfg 2006/02/04 v1.1 microtype config. file: AMS symbols (a) (RS)
)
LaTeX Font Info:    Trying to load font information for U+msb on input line 70.


(c:/texlive/2026/texmf-dist/tex/latex/amsfonts/umsb.fd
File: umsb.fd 2013/01/14 v3.01 AMS symbols B
)
(c:/texlive/2026/texmf-dist/tex/latex/microtype/mt-msb.cfg
File: mt-msb.cfg 2005/06/01 v1.0 microtype config. file: AMS symbols (b) (RS)
)
LaTeX Font Info:    Trying to load font information for U+rsfs on input line 70
.

(c:/texlive/2026/texmf-dist/tex/latex/jknapltx/ursfs.fd
File: ursfs.fd 1998/03/24 rsfs font definition file (jk)
) [1



{c:/texlive/2026/texmf-var/fonts/map/pdftex/updmap/pdftex.map}<../../Images/Allg
emein/LogoDataScienceGruenBlau.jpg>]) [2


] (./Nano33BLESense.toc)
\tf@toc=\write8

\openout8 = Nano33BLESense.toc
 [3] [4


] (./Nano33BLESense.lof)
\tf@lof=\write9

\openout9 = Nano33BLESense.lof

[5


] [6


] (./Nano33BLESense.locode)
\tf@locode=\write10

\openout10 = Nano33BLESense.locode
 [7


] [8


]
(../../Contents/General/en/Acronymlist.tex) [9


] [10


]
(../../Contents/General/AccelerationDetectionAlgorithms.tex
chapter 1.
Package biblatex Info: Reference segment=1 on input line 13.
Package biblatex Info: Setting label 'refsegment:01' on input line 13.
LaTeX Font Info:    External font `lmex10' loaded for size
(Font)              <8> on input line 15.
LaTeX Font Info:    External font `lmex10' loaded for size
(Font)              <6> on input line 15.
Package microtype Info: Loading generic protrusion settings for font family
(microtype)             `pcr' (encoding: T1).
(microtype)             For optimal results, create family-specific settings.
(microtype)             See the microtype manual for details.

Underfull \hbox (badness 10000) in paragraph at lines 15--15
  [][][]\T1/lmr/m/n/8 MI-PILOT, Mit-subishi Mo-tors, []$\T1/pcr/m/n/8 https://ww
w.mitsubishi-[]motors.com/en/brand/
 []


Underfull \hbox (badness 10000) in paragraph at lines 61--61
[]|\T1/lmr/bx/n/10 Millimeter-Wave
 []


Underfull \hbox (badness 2698) in paragraph at lines 61--61
[]|\T1/lmr/bx/n/10 Binoc-u-lar Cam-
 []

<../../Images/AccelerationDetectionAlgorithms/Baseline.png, id=121, 840.13875pt
 x 402.00188pt>
File: ../../Images/AccelerationDetectionAlgorithms/Baseline.png Graphic file (t
ype png)
<use ../../Images/AccelerationDetectionAlgorithms/Baseline.png>
Package luatex.def Info: ../../Images/AccelerationDetectionAlgorithms/Baseline.
png  used on input line 80.
(luatex.def)             Requested size: 277.41437pt x 132.74077pt.
[11


]
Package biblatex Info: Reference segment=2 on input line 90.
Package biblatex Info: Setting label 'refsegment:02' on input line 90.

Underfull \hbox (badness 10000) in paragraph at lines 142--142
[]|\T1/lmr/bx/n/10 Millimeter-Wave
 []


Underfull \hbox (badness 2698) in paragraph at lines 142--142
[]|\T1/lmr/bx/n/10 Binoc-u-lar Cam-
 []


LaTeX Warning: `h' float specifier changed to `ht'.

)

LaTeX Warning: Empty bibliography on input line 556.


Package fancyhdr Warning: \headheight is too small (1.0pt): 
(fancyhdr)                Make it at least 12.0pt, for example:
(fancyhdr)                \setlength{\headheight}{12.0pt}.
(fancyhdr)                You might also make \topmargin smaller:
(fancyhdr)                \addtolength{\topmargin}{-11.0pt}.

[12<../../Images/AccelerationDetectionAlgorithms/Baseline.png>]

Package fancyhdr Warning: \headheight is too small (1.0pt): 
(fancyhdr)                Make it at least 12.0pt, for example:
(fancyhdr)                \setlength{\headheight}{12.0pt}.
(fancyhdr)                You might also make \topmargin smaller:
(fancyhdr)                \addtolength{\topmargin}{-11.0pt}.

[13] [14


] (./Nano33BLESense.ind)

Package acro Warning: Empty acronym list. If you have used acronyms then
(acro)                re-compile to get the list filled. Otherwise remove
(acro)                \printacronyms

(./Nano33BLESense.aux)
 ***********
LaTeX2e <2025-11-01>
L3 programming layer <2026-01-19>
 ***********


LaTeX Font Warning: Some font shapes were not available, defaults substituted.


LaTeX Warning: There were multiply-defined labels.

Package logreq Info: Writing requests to 'Nano33BLESense.run.xml'.

\openout1 = Nano33BLESense.run.xml
)
(\end occurred inside a group at level 1)

### simple group (level 1) entered at line 76 ({)
### bottom level

Here is how much of LuaTeX's memory you used:
 110459 strings out of 476076
 100000,4921788 words of node,token memory allocated
 1558 words of node memory still in use:
   24 hlist, 2 vlist, 10 rule, 1 local_par, 14 glue, 4 kern, 1 penalty, 4 glyph,
 141 attribute, 93 glue_spec, 71 attribute_list, 2 write, 16 pdf_literal, 1 pdf_
action, 16 pdf_colorstack nodes
   avail lists: 1:6,2:1861,3:389,4:106,5:410,6:97,7:7413,8:73,9:939,10:8,11:572,
12:2
 130935 multiletter control sequences out of 65536+600000
 80 fonts using 5548695 bytes
 108i,21n,137p,11216b,2579s stack positions out of 10000i,1000n,20000p,200000b,200000s
{c:/texlive/2026/texmf-dist/fonts/enc/dvips/base/8r.enc}{c:/texlive/2026/texmf-d
ist/fonts/enc/dvips/lm/lm-ec.enc}{c:/texlive/2026/texmf-dist/fonts/enc/dvips/lm/
lm-mathsy.enc}{c:/texlive/2026/texmf-dist/fonts/enc/dvips/lm/lm-mathit.enc}{c:/t
exlive/2026/texmf-dist/fonts/enc/dvips/lm/lm-rm.enc}<c:/texlive/2026/texmf-dist/
fonts/type1/public/lm/lmbx10.pfb><c:/texlive/2026/texmf-dist/fonts/type1/public/
lm/lmmi10.pfb><c:/texlive/2026/texmf-dist/fonts/type1/public/lm/lmr10.pfb><c:/te
xlive/2026/texmf-dist/fonts/type1/public/lm/lmr6.pfb><c:/texlive/2026/texmf-dist
/fonts/type1/public/lm/lmr7.pfb><c:/texlive/2026/texmf-dist/fonts/type1/public/l
m/lmr8.pfb><c:/texlive/2026/texmf-dist/fonts/type1/public/lm/lmss17.pfb><c:/texl
ive/2026/texmf-dist/fonts/type1/public/lm/lmssbx10.pfb><c:/texlive/2026/texmf-di
st/fonts/type1/public/lm/lmsy10.pfb><c:/texlive/2026/texmf-dist/fonts/type1/urw/
courier/ucrr8a.pfb>
Output written on Nano33BLESense.pdf (14 pages, 394132 bytes).

PDF statistics: 236 PDF objects out of 1000 (max. 8388607)
 188 compressed objects within 2 object streams
 33 named destinations out of 1000 (max. 1048576)
 242 words of extra memory for PDF output out of 10000 (max. 100000000)

